0.073940097,-0.43794967,0.014433519
0.043110722,-0.431441792,0.018915228
0.026886421,-0.435105292,0.01438411
0.05343647,-0.37457857,0.014389001
0.027141555,-0.375559256,0.018891554
0.066775176,-0.39495754,0.018934306
0.052877024,-0.377285052,0.018915757
0.067133611,-0.386907166,0.018879214
0.068189629,-0.381540721,0.018872857
0.042109582,-0.391398862,0.018934076
0.070629553,-0.438469372,0.014400257
0.042920203,-0.422736073,0.018942698
0.027384395,-0.376664729,0.01886196
0.0092398,-0.39993998,0.018965098
0.032141362,-0.37770131,0.018886007
0.042647043,-0.372572411,0.01891481
0.038368863,-0.409179036,0.018977838
0.060636991,-0.41278061,0.018903088
0.049638862,-0.403010971,0.018915983
0.038086365,-0.429798478,0.019036461
0.027426333,-0.406270573,0.018953333
0.030902275,-0.410534277,0.018931567
0.081908422,-0.418308954,0.018927509
0.017327013,-0.427311598,0.014398945
0.052408881,-0.44580098,0.018962841
0.011790398,-0.400223672,0.014444263
0.077956232,-0.391928415,0.018986821
0.074374231,-0.387458054,0.018921035
0.029911352,-0.411533861,0.018968606
0.016167539,-0.428036305,0.018950857
0.031399307,-0.401006848,0.018892488
0.064262072,-0.402924169,0.018906042
0.048639128,-0.436395559,0.018985056
0.070633379,-0.415808431,0.0189111
0.06539737,-0.408000433,0.018901479
0.043421404,-0.392696433,0.018913776
0.080226536,-0.408558345,0.018940955
0.045465552,-0.436237543,0.014406166
0.061220424,-0.422683571,0.018918449
0.048512026,-0.384823053,0.018902015
0.033259882,-0.400776758,0.018935137
0.048918822,-0.424507936,0.014413358
0.049182197,-0.420471541,0.018910398
0.060539405,-0.432990393,0.018942808
0.06259907,-0.43589599,0.018874594
0.06680283,-0.432152529,0.018930238
0.031003357,-0.400933962,0.018905468
0.044089582,-0.399454721,0.018913778
0.069563486,-0.382833145,0.018920278
0.040832453,-0.391911285,0.014415316
0.030810587,-0.445455399,0.014389722
0.029969419,-0.393868442,0.014368507
0.03024682,-0.374234851,0.018920792
0.053644724,-0.38861257,0.014377129
0.047678151,-0.403761975,0.014399226
0.009373268,-0.414910658,0.014382457
0.014661548,-0.419914991,0.018920898
0.065959623,-0.376542418,0.018975004
0.055646142,-0.383986078,0.018932863
0.036213688,-0.404649113,0.014400949
0.04898873,-0.406814,0.018909462
0.014264465,-0.412272502,0.018921121
0.037103042,-0.3974385,0.018916701
0.039123683,-0.400953069,0.018911604
0.031414464,-0.44448828,0.014417409
0.01161177,-0.406272563,0.018895491
0.080565095,-0.415514326,0.018976596
0.013456014,-0.407200336,0.018995512
0.082570483,-0.418043885,0.014389681
0.066804124,-0.397709006,0.018879215
0.009600068,-0.394269629,0.014401986
0.072890639,-0.381155569,0.018949985
0.025085726,-0.426083064,0.018981539
0.044424645,-0.412631979,0.018916246
0.074738435,-0.420900341,0.01439638
0.067410131,-0.422509012,0.018890084
0.032353877,-0.432168498,0.018913424
0.069048983,-0.415979581,0.018884841
0.033193031,-0.417985319,0.018921061
0.019003421,-0.385589757,0.018934328
0.071783199,-0.408390917,0.018967202
0.040659547,-0.392828617,0.018911339
0.034920578,-0.380463396,0.018882547
0.039126081,-0.408941914,0.018986439
0.056714806,-0.421182806,0.018912299
0.054392182,-0.433596037,0.018936067
0.0776141,-0.394049414,0.014341378
0.054600437,-0.413371917,0.01891839
0.064137976,-0.416502139,0.01892301
0.040022652,-0.384049622,0.018884027
0.028587806,-0.386843575,0.018892745
0.013762144,-0.404830018,0.018953686
0.018963841,-0.406192928,0.018950404
0.024640238,-0.414628603,0.018920734
0.023107598,-0.422190306,0.018914753
0.051868545,-0.417534446,0.018903503
0.021857553,-0.399304317,0.018914198
0.06416612,-0.419956999,0.018979092
0.073786943,-0.390234803,0.018917477
0.07539953,-0.396711826,0.014375559
0.028072984,-0.406009008,0.018906959
0.052430204,-0.404153557,0.018874878
0.037632708,-0.406954288,0.018908781
0.036437775,-0.425630639,0.018943952
0.062734869,-0.42852079,0.014388595
0.049781657,-0.431804833,0.014385974
0.033318148,-0.411565538,0.018895813
0.00983626,-0.399804042,0.018952878
0.067739412,-0.40046602,0.018892313
0.078037934,-0.400744238,0.0144187
0.057687904,-0.40964009,0.018933338
0.065438443,-0.415745991,0.014388879
0.069134533,-0.382057192,0.018864807
0.064031898,-0.420678045,0.018976738
0.067303333,-0.438056309,0.018944166
0.040461317,-0.414864133,0.014407207
0.041098789,-0.426639732,0.018948168
0.063291299,-0.409569808,0.018883314
0.05724867,-0.439657752,0.018966108
0.042803533,-0.421565329,0.018886575
0.022803541,-0.390296909,0.018895085
0.06037684,-0.395917243,0.018965074
0.082143066,-0.395541499,0.018902813
0.021412513,-0.416368918,0.018978228
0.04028337,-0.37428314,0.014384875
0.066169675,-0.383007846,0.018918128
0.076371073,-0.401885241,0.018933238
0.05578497,-0.396317343,0.018927758
0.075438377,-0.399564883,0.018924271
0.059777225,-0.376778467,0.018924178
0.056052663,-0.446725571,0.014409747
0.061706622,-0.434064105,0.018907387
0.016639208,-0.422250045,0.018910755
0.016106428,-0.393039425,0.01439343
0.046526892,-0.446557153,0.019023355
0.023918194,-0.441242383,0.018930836
0.019381239,-0.387412929,0.014375972
0.068402523,-0.384081411,0.014356863
0.040479636,-0.446364841,0.018983053
0.061130244,-0.394045807,0.018912544
0.032938941,-0.428547548,0.018981892
0.05914942,-0.432086831,0.018909826
0.060485158,-0.411344726,0.018896794
0.027442931,-0.433800616,0.01440666
0.015189029,-0.426841599,0.018875066
0.061329133,-0.40819981,0.018914009
0.054292307,-0.43846882,0.018966984
0.069267035,-0.436871165,0.014405449
0.057199904,-0.43852377,0.018888742
0.032670227,-0.395621501,0.014354317
0.042288124,-0.431330298,0.018943294
0.040852528,-0.391347868,0.018905588
0.056601038,-0.434074869,0.018999151
0.066036139,-0.438545094,0.018910986
0.035674386,-0.437926602,0.01896127
0.062084297,-0.425145085,0.018917306
0.050360172,-0.411791958,0.018872353
0.065180317,-0.382161368,0.014395688
0.055508427,-0.431081914,0.014398961
0.01882799,-0.425818883,0.018902087
0.043219688,-0.412332182,0.018927551
0.054987302,-0.411548929,0.018924673
0.062754884,-0.428695938,0.018922917
0.056859828,-0.418987611,0.01893146
0.036194328,-0.396523727,0.018896426
0.039402424,-0.40968718,0.018902611
0.048630305,-0.411899953,0.018929885
0.074215718,-0.412462148,0.01892066
0.02017202,-0.405073979,0.018905355
0.051014078,-0.423135293,0.018914835
0.036749442,-0.393150865,0.01890959
0.061606559,-0.423698315,0.014401307
0.04118197,-0.388638296,0.014363194
0.070460701,-0.421938329,0.018937001
0.042551484,-0.392787601,0.018889976
0.024960144,-0.410093965,0.018947566
0.044892596,-0.428865372,0.018942334
0.07024944,-0.411738851,0.014377847
0.074074484,-0.423616542,0.018896768
0.070157715,-0.412504405,0.018910453
0.064800307,-0.400470828,0.018910829
0.022551554,-0.424879937,0.018951618
0.026643601,-0.406763615,0.018934074
0.060283589,-0.392225082,0.018904928
0.06547528,-0.377415868,0.018868114
0.053662832,-0.439901149,0.014405019
0.022436554,-0.409899426,0.018928388
0.048616237,-0.44224527,0.014431629
0.026249084,-0.380984054,0.01899331
0.036321189,-0.420252739,0.018995534
0.032716373,-0.424920641,0.018915935
0.020666904,-0.40127089,0.018936888
0.050574279,-0.418311293,0.018941288
0.016757864,-0.397959096,0.018900772
0.011128896,-0.410845498,0.014440235
0.066306993,-0.413857803,0.018912176
0.05593916,-0.409759282,0.018897029
0.039786924,-0.372032693,0.018897468
0.031344381,-0.404991695,0.018994979
0.066987218,-0.402915745,0.018910287
0.027423993,-0.421872619,0.018943185
0.070820874,-0.407860036,0.018901047
0.060908513,-0.42177832,0.018922076
0.031312363,-0.380213388,0.018907291
0.051148739,-0.443315062,0.014400081
0.06196342,-0.412895497,0.01887312
0.047920316,-0.419082769,0.018910664
0.076407171,-0.429479335,0.018929721
0.059061267,-0.44659671,0.018940523
0.069167377,-0.429341029,0.018908533
0.048937871,-0.442811397,0.014389195
0.040092386,-0.396561607,0.018900529
0.029209472,-0.424975282,0.014391365
0.064212305,-0.43648031,0.018904951
0.068061641,-0.385883703,0.014371226
0.029135141,-0.404507902,0.018902098
0.021460092,-0.426063892,0.018947707
0.013074141,-0.427093822,0.018903363
0.073194937,-0.389608519,0.018982674
0.042112747,-0.372443706,0.018922841
0.007602441,-0.416237375,0.014399434
0.048279595,-0.447039499,0.014403484
0.027721255,-0.441961395,0.018887339
0.055290474,-0.391201043,0.018905156
0.076468649,-0.420160179,0.014411181
0.044065129,-0.431763354,0.018909273
0.025899075,-0.405115925,0.014394189
0.084169765,-0.410427037,0.014388791
0.079216886,-0.405193245,0.018909121
0.008109841,-0.41965802,0.018983708
0.022696622,-0.402782793,0.018879052
0.078308381,-0.390746432,0.01893002
0.071777531,-0.383167421,0.014359628
0.05765729,-0.387992903,0.018899968
0.039617915,-0.426157436,0.018959303
0.072991149,-0.436236153,0.018927999
0.02624083,-0.416251704,0.018935221
0.037466593,-0.385660576,0.018919765
0.019289524,-0.386606437,0.018940921
0.064644715,-0.419892253,0.018989392
0.028613109,-0.407465477,0.018946249
0.059901479,-0.398278663,0.018905516
0.053456598,-0.418821317,0.018909269
0.045402254,-0.392808475,0.018906919
0.037075786,-0.402739803,0.01892553
0.043621101,-0.411579686,0.018950167
0.04715261,-0.43037394,0.014417405
0.080468854,-0.405695498,0.018892807
0.039787039,-0.39638024,0.018876013
0.031175009,-0.39614191,0.018964188
0.073445176,-0.412320407,0.018918535
0.054263476,-0.414698952,0.018897404
0.032428319,-0.434277634,0.018918685
0.024640714,-0.426810062,0.018961997
0.026803626,-0.427790373,0.018924723
0.072438822,-0.417169254,0.018930446
0.046459259,-0.435652847,0.018953207
0.032038813,-0.392845591,0.018940905
0.071536737,-0.388467826,0.018899114
0.074362465,-0.418404319,0.018951794
0.04485465,-0.424742788,0.01894327
0.014216305,-0.423252273,0.018935129
0.040299582,-0.426726864,0.018933661
0.037760257,-0.414277359,0.018918073
0.032212888,-0.4000705,0.014360015
0.039074583,-0.446698911,0.014405254
0.063865319,-0.401559364,0.018915127
0.04818821,-0.398694477,0.018929977
0.062628177,-0.409802649,0.018896323
0.024213517,-0.385185436,0.018899941
0.076854937,-0.399767642,0.018927879
0.042521202,-0.378293983,0.014414704
0.030536065,-0.436034971,0.0144249
0.06285494,-0.441357692,0.018895262
0.009251917,-0.413648698,0.018937322
0.059721924,-0.384698101,0.014370545
0.072462198,-0.392776171,0.018891549
0.048718108,-0.405323049,0.018952547
0.064915354,-0.438985692,0.018983113
0.058817304,-0.42775079,0.018933937
0.082194294,-0.412278749,0.018904782
0.044612243,-0.405156748,0.018874353
0.048145384,-0.403491446,0.018909814
0.015908244,-0.386518047,0.01892222
0.055077729,-0.375244383,0.018901782
0.036755157,-0.423833547,0.019021488
0.065246054,-0.386796379,0.018891001
0.072814737,-0.431294411,0.019012416
0.032292133,-0.423957604,0.018932081
0.019272518,-0.397960029,0.018942177
0.081969771,-0.416803881,0.018994289
0.018767973,-0.38322576,0.018966978
0.048206361,-0.424972284,0.01899085
0.064866082,-0.431606227,0.018927326
0.02458813,-0.428132862,0.018936516
0.058603088,-0.434466998,0.018939746
0.027664597,-0.426954829,0.018900064
0.057450689,-0.392790394,0.018890978
0.03662962,-0.42748181,0.018949717
0.081749626,-0.426245827,0.014389804
0.018556693,-0.390497309,0.01440422
0.035718227,-0.392328418,0.018901468
0.064858352,-0.398397537,0.014394906
0.072139868,-0.400926911,0.018926364
0.064198922,-0.444491863,0.014402891
0.037575884,-0.424801616,0.018891876
0.033306546,-0.430574105,0.014407996
0.060625761,-0.396983234,0.018896809
0.038033501,-0.379718731,0.01439606
0.017382888,-0.421248125,0.01440568
0.030459672,-0.436880236,0.018927115
0.011735751,-0.418863476,0.018933508
0.049153391,-0.409814667,0.018941069
0.026946358,-0.39030036,0.018866831
0.058475263,-0.41358426,0.018951194
0.064492044,-0.431985651,0.014405763
0.052847034,-0.432624691,0.018915261
0.058746684,-0.41297603,0.018901284
0.062973082,-0.442570174,0.014414616
0.026532133,-0.377705212,0.018980199
0.034515706,-0.431512418,0.01445159
0.021180635,-0.403965141,0.018893353
0.068633164,-0.438263748,0.014406858
0.047927008,-0.397110732,0.018942792
0.007229472,-0.405392476,0.014419814
0.047665509,-0.42643363,0.018924088
0.06992051,-0.384586659,0.018894455
0.043670799,-0.443586157,0.014445752
0.026362511,-0.388176793,0.014365514
0.057805338,-0.382980962,0.018931089
0.048799904,-0.380925994,0.018912426
0.045734835,-0.426017997,0.014411305
0.082417367,-0.418855109,0.018888817
0.037739018,-0.392409392,0.01892336
0.077916887,-0.426339708,0.014442713
0.056736881,-0.395999293,0.018908478
0.03411222,-0.446942546,0.014390889
0.069118201,-0.4197601,0.018870418
0.067326608,-0.403440005,0.018922398
0.051047242,-0.424532482,0.018946259
0.007030785,-0.41276342,0.018892761
0.022866002,-0.405624524,0.018896545
0.033245665,-0.379801282,0.018923789
0.026024274,-0.392385503,0.018943479
0.029870364,-0.374258529,0.018922652
0.06845074,-0.430803824,0.014405711
0.067056205,-0.397952168,0.014394184
0.06736984,-0.425962582,0.018960874
0.075587783,-0.407960028,0.018892404
0.028816053,-0.419176055,0.018935432
0.03741376,-0.441116748,0.018991564
0.029405948,-0.433587828,0.014436984
0.019560099,-0.408310629,0.018861921
0.041449425,-0.381022331,0.018889918
0.040187747,-0.398112476,0.018928673
0.035076957,-0.397936354,0.01893991
0.028074209,-0.396804858,0.018923382
0.066179319,-0.413796292,0.018933206
0.074494224,-0.429168742,0.014395126
0.065647538,-0.412776661,0.018888538
0.036344951,-0.405674969,0.014360628
0.069215766,-0.41535279,0.018913497
0.033823781,-0.409130242,0.018945368
0.022539564,-0.394856642,0.018960837
0.044692529,-0.388098825,0.018907435
0.049365257,-0.413077783,0.018954922
0.022943165,-0.387890772,0.018937538
0.021117916,-0.381919636,0.018914091
0.049502872,-0.43317894,0.014416315
0.08019766,-0.411852645,0.014406977
0.045967293,-0.38449319,0.018881285
0.058183107,-0.389313504,0.018929244
0.014027514,-0.425287272,0.014419565
0.085617764,-0.410852791,0.014415579
0.050449417,-0.437673294,0.018923212
0.063761976,-0.428643891,0.01440819
0.031433147,-0.414982536,0.018912165
0.042490144,-0.392397672,0.018891284
0.029964301,-0.432851529,0.01446192
0.031131031,-0.412249129,0.018957053
0.075691103,-0.424202706,0.014372257
0.049431243,-0.415259622,0.01888839
0.063048461,-0.407235227,0.018935267
0.040684754,-0.446734816,0.018969636
0.049195657,-0.414112673,0.018909641
0.03003066,-0.394558376,0.01892801
0.054200331,-0.436057264,0.018984495
0.045360274,-0.449780439,0.018950282
0.040538459,-0.375797631,0.014388685
0.059353516,-0.392743825,0.018880757
0.062328027,-0.374794361,0.018904852
0.058622555,-0.379856242,0.018886256
0.065975619,-0.400145254,0.01892198
0.079392634,-0.39056958,0.01891349
0.080431327,-0.394493321,0.01889799
0.077749917,-0.414368393,0.018900195
0.040769681,-0.400189799,0.014338674
0.064702208,-0.405171373,0.018931604
0.035229489,-0.414229438,0.018906724
0.033635488,-0.447037493,0.018973264
0.032837424,-0.447897616,0.014397872
0.055030269,-0.435320316,0.018912294
0.051692691,-0.443867077,0.018924971
0.056896273,-0.40758475,0.01439061
0.03268702,-0.433793513,0.018943305
0.040013418,-0.448487557,0.018914742
0.045104031,-0.373406588,0.014413402
0.032432784,-0.409034345,0.018988112
0.015431763,-0.430840041,0.018981618
0.061585784,-0.405226599,0.014381539
0.079997058,-0.39341822,0.018915225
0.047694868,-0.435107722,0.018979429
0.060010205,-0.424666636,0.018902118
0.066167327,-0.389654837,0.018922499
0.057947894,-0.416762121,0.018928748
0.034979695,-0.442258082,0.01897012
0.050160427,-0.430548784,0.018886131
0.083892696,-0.41992902,0.018904781
0.067285923,-0.437762032,0.01897168
0.022592168,-0.426485021,0.018903088
0.021212514,-0.404039119,0.018915386
0.067771895,-0.434573187,0.018940962
0.03131254,-0.438105241,0.01891461
0.012194814,-0.417096721,0.018903568
0.042804738,-0.396442223,0.018887678
0.048233933,-0.407628834,0.018958381
0.028322719,-0.423159945,0.018957861
0.027606527,-0.419389241,0.018927228
0.05201763,-0.440902702,0.018967703
0.049818251,-0.395714099,0.014363344
0.049759859,-0.37335873,0.018907511
0.050066466,-0.423666519,0.019008265
0.045084571,-0.377432972,0.018887073
0.028758957,-0.429124418,0.014426591
0.041549338,-0.408247909,0.01889354
0.007571819,-0.413792548,0.01894996
0.059213461,-0.393344038,0.018900346
0.021382574,-0.433028235,0.014376601
0.009980759,-0.417449264,0.018889208
0.040576385,-0.444444059,0.014405701
0.052139455,-0.446109862,0.018883889
0.025473687,-0.401444406,0.018927882
0.025798339,-0.385070323,0.018911182
0.05818316,-0.419057806,0.018970809
0.03343111,-0.43589578,0.018915867
0.051221155,-0.448806412,0.018922067
0.041604574,-0.379006453,0.018973624
0.049742223,-0.372707215,0.014388932
0.038298747,-0.383521581,0.018920515
0.033098151,-0.434129104,0.014409346
0.047914756,-0.386585935,0.01886668
0.051742335,-0.42552675,0.014410803
0.067333424,-0.391801046,0.014343761
0.015975424,-0.409900614,0.018945865
0.020942357,-0.411763112,0.018958057
0.045940023,-0.393084075,0.014344466
0.06773632,-0.382433346,0.018915192
0.054448065,-0.391040187,0.018922905
0.055358024,-0.397157788,0.018943397
0.020628193,-0.420043668,0.018982366
0.073922591,-0.417153728,0.018919687
0.081287906,-0.404143341,0.018911056
0.059723417,-0.396592852,0.014368796
0.024080124,-0.40022958,0.018921734
0.056327892,-0.394828747,0.018908738
0.021600975,-0.387098097,0.018925302
0.051303189,-0.409878642,0.018943863
0.02178758,-0.410012705,0.014371739
0.036710984,-0.399879439,0.018891099
0.036058383,-0.441503074,0.014398614
0.056659038,-0.400016251,0.018901302
0.042409286,-0.406618819,0.018940892
0.066936843,-0.399290858,0.014373657
0.038324335,-0.386831728,0.018914442
0.052230382,-0.430796868,0.014417002
0.022323348,-0.436366155,0.018890215
0.079313442,-0.396228452,0.018967806
0.060596938,-0.408086421,0.01895503
0.032397127,-0.43889121,0.018916969
0.014252061,-0.398057445,0.018931041
0.019417698,-0.416288943,0.018944425
0.047078836,-0.432799732,0.01892626
0.049556489,-0.375770566,0.018899968
0.066175327,-0.408981379,0.018981871
0.053227715,-0.443300522,0.018948998
0.058590061,-0.403909854,0.018924989
0.036683153,-0.387660113,0.018887254
0.049444816,-0.38567654,0.018920713
0.048978034,-0.410409526,0.018966238
0.052273994,-0.419666051,0.01891936
0.019108996,-0.423142332,0.014385175
0.030524676,-0.39436668,0.018889196
0.026818762,-0.404337603,0.014411552
0.034992444,-0.424761144,0.018917939
0.054455248,-0.385729505,0.014355139
0.040361855,-0.391865145,0.014388176
0.023697832,-0.428499067,0.018961576
0.039187954,-0.432909977,0.018928656
0.022069925,-0.436772711,0.014403512
0.020108357,-0.433988508,0.018913126
0.016647283,-0.385425163,0.014386328
0.024346842,-0.434318111,0.014444977
0.042125351,-0.395140921,0.018884778
0.051980056,-0.400563002,0.01890375
0.06555247,-0.37913208,0.01892011
0.031505279,-0.434530673,0.019015451
0.051814537,-0.448035913,0.018919756
0.059451278,-0.423170593,0.018905654
0.042332024,-0.377504544,0.018896393
0.038930913,-0.405861639,0.01895157
0.032181255,-0.404480694,0.018924354
0.048639461,-0.390055662,0.014370812
0.019234418,-0.407376401,0.01894382
0.031199681,-0.41462666,0.018936977
0.033748176,-0.411430865,0.018923754
0.064606545,-0.425673363,0.018941993
0.041136822,-0.372372231,0.018921094
0.048676924,-0.392630412,0.018925659
0.067371705,-0.440018779,0.014423082
0.066758515,-0.410806248,0.01438491
0.053197428,-0.399509946,0.018917249
0.079839216,-0.401495733,0.018918051
0.042024355,-0.393885379,0.018919756
0.040125855,-0.409874009,0.018964503
0.042594613,-0.448788449,0.019008342
0.066495266,-0.414359331,0.018891129
0.051392633,-0.412410059,0.018928365
0.056754187,-0.436747336,0.018925567
0.057592275,-0.418636822,0.01890049
0.013639858,-0.429794998,0.018925575
0.070214168,-0.394977312,0.018959516
0.029524908,-0.412018221,0.018953312
0.020703593,-0.420008798,0.01892432
0.076851069,-0.421884012,0.018947317
0.014963132,-0.430060855,0.019024685
0.031975474,-0.434718389,0.014424473
0.043641206,-0.418029872,0.018922631
0.0333188,-0.416431461,0.018911624
0.083859255,-0.413557814,0.018928954
0.055168852,-0.422719716,0.018924016
0.028506984,-0.445595098,0.014404431
0.059185284,-0.401499559,0.014386367
0.040907377,-0.447876185,0.01436935
0.051531446,-0.386346978,0.018970994
0.050707571,-0.41695069,0.01892955
0.016748745,-0.406360183,0.014388782
0.046739149,-0.447364776,0.018969565
0.044941739,-0.426006683,0.01892749
0.066874648,-0.386012652,0.018896572
0.030807351,-0.424903766,0.018999326
0.035914679,-0.423166647,0.018912374
0.044830504,-0.416055109,0.014380435
0.01932427,-0.43680789,0.01899578
0.023212422,-0.412890193,0.018940552
0.038455499,-0.393919582,0.018928577
0.020986261,-0.381391918,0.018923503
0.05802788,-0.446355535,0.018986733
0.082455825,-0.395487666,0.014365941
0.020600428,-0.429071959,0.019027146
0.065753486,-0.376377394,0.018964281
0.058685659,-0.389003524,0.018916885
0.05126264,-0.426302009,0.018959645
0.036329352,-0.446199228,0.018946918
0.030028034,-0.427948713,0.018907391
0.053267004,-0.387561203,0.014390267
0.030236746,-0.430678512,0.014420205
0.075384602,-0.424110984,0.018884483
0.053505795,-0.419720039,0.018931637
0.073502235,-0.418877998,0.01888623
0.052531619,-0.387240285,0.018904847
0.058599589,-0.446696062,0.014431931
0.014312179,-0.419854187,0.018917705
0.039598672,-0.41410506,0.014410401
0.023950743,-0.378301956,0.01889224
0.053761244,-0.424675538,0.019019757
0.060633882,-0.37684666,0.014376443
0.032068284,-0.395532892,0.018894344
0.024868044,-0.427463708,0.014437869
0.054246856,-0.378577371,0.018912957
0.044934664,-0.395372565,0.018928899
0.079143067,-0.431283933,0.014423331
0.038021615,-0.41877333,0.018897648
0.031431327,-0.42092659,0.018952437
0.032889662,-0.434728895,0.018960145
0.057590112,-0.405746914,0.014400345
0.05200362,-0.427201389,0.014399714
0.037377969,-0.438953716,0.018895344
0.023267962,-0.383276244,0.01894313
0.052383319,-0.380757519,0.018899792
0.061919415,-0.426843515,0.019014805
0.045976762,-0.40805824,0.018951047
0.06328249,-0.431718127,0.018956887
0.065025509,-0.410946894,0.014369448
0.023890243,-0.408154797,0.018925565
0.052287454,-0.447024945,0.014406638
0.059018569,-0.40670855,0.018902021
0.03354577,-0.403015607,0.014371072
0.031003763,-0.394170847,0.018887946
0.069082893,-0.380507355,0.018879242
0.061967566,-0.384101933,0.018890798
0.069661411,-0.398672291,0.018915501
0.032646523,-0.375807019,0.018860386
0.03559705,-0.431459009,0.014420917
0.013518159,-0.403863425,0.018881388
0.05140846,-0.434153432,0.018945445
0.034416813,-0.448266963,0.014414645
0.054878162,-0.405010722,0.018904479
0.074296658,-0.386303672,0.018896901
0.03182809,-0.439212057,0.019021834
0.008260405,-0.411313469,0.018892198
0.051681631,-0.394195117,0.014367371
0.034971886,-0.4426576,0.019001299
0.052757213,-0.42177486,0.018876013
0.026620598,-0.404788823,0.018896952
0.013424013,-0.406596066,0.018956311
0.070218276,-0.389634263,0.018876053
0.055915709,-0.405394668,0.018901463
0.029149716,-0.39387776,0.018905517
0.028319804,-0.437629249,0.018965062
0.016827343,-0.398859124,0.014354744
0.04122903,-0.417539571,0.018965049
0.040354908,-0.396757079,0.018913019
0.017746399,-0.436792986,0.014427417
0.029589815,-0.431574359,0.014405039
0.058514207,-0.379771145,0.018892251
0.065036385,-0.398157452,0.014381357
0.069069439,-0.407457114,0.018908079
0.039849756,-0.436375678,0.018991412
0.040193231,-0.426192739,0.018879922
0.074396988,-0.407342311,0.018884465
0.059819156,-0.383156694,0.018900727
0.074785987,-0.38639785,0.018928742
0.047452986,-0.382834408,0.018911941
0.074317426,-0.396850134,0.018902878
0.051238743,-0.37927017,0.018886918
0.032754988,-0.439685908,0.014381839
0.025121549,-0.401618938,0.014353348
0.056290376,-0.425005339,0.018917417
0.0272486,-0.419466643,0.018909647
0.04702168,-0.394854073,0.018889996
0.010067459,-0.419056277,0.018970026
0.046406297,-0.447598318,0.01443405
0.060084788,-0.380113136,0.018956425
0.044377645,-0.435717348,0.014371228
0.021835019,-0.423646045,0.018888627
0.066325753,-0.383033159,0.018888812
0.079309291,-0.418625327,0.014390295
0.037008512,-0.418630031,0.018895066
0.062908064,-0.439735194,0.018949142
0.0090205,-0.420771741,0.01891844
0.082838674,-0.398677037,0.01895445
0.06240935,-0.385567095,0.01890848
0.054468315,-0.443242209,0.014421461
0.023578454,-0.432440842,0.018884163
0.030729155,-0.415107797,0.014380838
0.020716754,-0.387823389,0.018871971
0.027719947,-0.416946627,0.018955069
0.082788558,-0.399514025,0.018912412
0.040662795,-0.428139226,0.018968925
0.022838039,-0.415857782,0.018924462
0.066901478,-0.441873703,0.014387954
0.077185853,-0.389084693,0.018868204
0.051804935,-0.393828773,0.01891041
0.028316981,-0.421833152,0.014366879
0.043204528,-0.423071249,0.01891904
0.065884283,-0.432057025,0.018917666
0.059813998,-0.445976571,0.018921971
0.061317709,-0.392370373,0.014389989
0.030600597,-0.396298713,0.018901072
0.038616403,-0.404263912,0.01892341
0.052490034,-0.442125304,0.018999082
0.047645894,-0.395190271,0.014334385
0.037453769,-0.419962428,0.018933199
0.047122988,-0.410188834,0.018897121
0.041456327,-0.441061364,0.018978914
0.067320793,-0.378866327,0.01895793
0.015365125,-0.39288481,0.01439518
0.063504215,-0.375478645,0.018923827
0.032948324,-0.37967123,0.018938245
0.044706136,-0.43204277,0.014423094
0.043994794,-0.449731746,0.014399283
0.047669458,-0.400061128,0.014365442
0.062964105,-0.397292901,0.018923191
0.078052407,-0.392812629,0.018898247
0.056523359,-0.408511644,0.01893531
0.073518833,-0.422780039,0.018934794
0.028931863,-0.422235787,0.018907199
0.031304885,-0.423962932,0.018925902
0.060115171,-0.374515651,0.01440146
0.039227798,-0.443228581,0.014424447
0.02756566,-0.44346342,0.018922552
0.008756731,-0.397814066,0.018917886
0.070905638,-0.394268017,0.018988284
0.050539057,-0.415175419,0.018939975
0.034661816,-0.443847632,0.014426805
0.07254437,-0.406215998,0.018930677
0.032918881,-0.391083908,0.01888951
0.009374676,-0.413831024,0.018933385
0.035851395,-0.400380721,0.018886196
0.062269645,-0.394463158,0.0188936
0.030849314,-0.416912889,0.018951648
0.030424552,-0.374513461,0.018905316
0.039953482,-0.424416884,0.018977135
0.063878048,-0.430034388,0.018948034
0.027801086,-0.379029396,0.018897972
0.070555974,-0.419002941,0.01899321
0.044467329,-0.384314823,0.018918852
0.025860334,-0.411072249,0.018958556
0.062393216,-0.398851391,0.014371284
0.077170119,-0.389442588,0.018895877
0.020527922,-0.388667299,0.018902678
0.023955668,-0.40614045,0.018962747
0.011965141,-0.422584272,0.018946274
0.061703972,-0.395976019,0.018901415
0.025433217,-0.381058012,0.018946335
0.048585091,-0.400476982,0.018964619
0.070877697,-0.433871106,0.018989174
0.060380997,-0.379046739,0.018934417
0.045701418,-0.417301175,0.019026742
0.077326854,-0.430418787,0.018925193
0.027668805,-0.405544611,0.014395705
0.02681439,-0.382131232,0.018911042
0.028281519,-0.444115945,0.014429544
0.062923097,-0.440923597,0.018877157
0.077206541,-0.402828074,0.018930125
0.057045221,-0.421469118,0.018953486
0.027496113,-0.382368531,0.018868268
0.040216916,-0.42333936,0.019028078
0.064342515,-0.43375108,0.018945068
0.009783868,-0.414676364,0.018929189
0.027676206,-0.407051259,0.018922664
0.053922967,-0.428390171,0.014403144
0.084068792,-0.410024518,0.018910006
0.085319682,-0.415328437,0.018907146
0.061162717,-0.404428903,0.018912847
0.019777508,-0.395276021,0.018941895
0.028827495,-0.403249298,0.018941342
0.069446076,-0.397015832,0.018901845
0.062378421,-0.408715148,0.018952364
0.039338632,-0.391095117,0.018899387
0.032020423,-0.430982461,0.018998784
0.039759566,-0.38489407,0.018938568
0.042335566,-0.412313372,0.018968893
0.049126416,-0.376147655,0.018917284
0.066404497,-0.419852706,0.018993235
0.061862958,-0.385423052,0.018898076
0.041213262,-0.416533984,0.018963353
0.017551146,-0.403315889,0.018902615
0.032141039,-0.418890845,0.01892796
0.056709704,-0.374124261,0.018884806
0.027381194,-0.437549057,0.014445954
0.027058074,-0.377822776,0.018895332
0.04820351,-0.407740831,0.018981078
0.031504734,-0.385561393,0.018902133
0.054296949,-0.427364197,0.014391968
0.081946503,-0.403855555,0.018899148
0.07184455,-0.4191539,0.018911852
0.067074413,-0.44159562,0.014410067
0.059727805,-0.431951289,0.018880179
0.017663435,-0.435777271,0.018977628
0.046116801,-0.413446955,0.018910432
0.033011169,-0.383626117,0.018907883
0.015794558,-0.425400756,0.019023858
0.040042723,-0.43871092,0.018947774
0.043898602,-0.422443224,0.018892756
0.048321911,-0.42575537,0.018919479
0.026159586,-0.433782563,0.018923192
0.023767003,-0.421756571,0.018927174
0.064864705,-0.415357625,0.014391936
0.069694389,-0.435412558,0.018930551
0.011022059,-0.410858975,0.018928312
0.021143518,-0.410171982,0.018932145
0.048454618,-0.429057187,0.014410961
0.01245797,-0.411408332,0.018920635
0.075060217,-0.42520852,0.014416139
0.047978361,-0.380173465,0.014394981
0.050867921,-0.385722091,0.018912756
0.08049504,-0.412319614,0.014385681
0.036718769,-0.43960177,0.018928124
0.045700998,-0.413426449,0.014373779
0.026797515,-0.389071161,0.014376554
0.038930889,-0.415850683,0.018916974
0.050863507,-0.394855734,0.018905406
0.042407081,-0.384389365,0.018920201
0.032030348,-0.394707699,0.014408169
0.049217742,-0.423510762,0.01893305
0.027042469,-0.41621373,0.018903233
0.057595328,-0.42880465,0.018924084
0.03282014,-0.382858943,0.01894335
0.082104688,-0.4240437,0.014407362
0.008700948,-0.40547402,0.014406969
0.084762849,-0.408285672,0.014398976
0.038962652,-0.406798008,0.018905542
0.039863799,-0.388094692,0.018899944
0.014711919,-0.410889839,0.018985684
0.018659476,-0.417483859,0.018935495
0.068976498,-0.419005085,0.018921048
0.078264311,-0.415848201,0.018891276
0.014751759,-0.402515116,0.014352353
0.051194375,-0.390300979,0.018883067
0.061247516,-0.402532754,0.01893284
0.075172565,-0.431484867,0.01892561
0.051560159,-0.425400045,0.014403853
0.069071169,-0.43931762,0.014435204
0.064597054,-0.440315968,0.014414625
0.026438162,-0.396321041,0.014377342
0.051007059,-0.417105848,0.018947776
0.051877411,-0.401212447,0.018883185
0.015964055,-0.387681452,0.018928476
0.016372558,-0.420493758,0.018961535
0.019831706,-0.435836355,0.018902369
0.045043365,-0.398467846,0.014400478
0.027514659,-0.378944596,0.018870156
0.027392327,-0.388741526,0.01890783
0.065490611,-0.431989711,0.014426752
0.061346642,-0.393904979,0.018875699
0.068492468,-0.382996169,0.018904678
0.080090558,-0.39918079,0.018915031
0.046722861,-0.435099807,0.018952778
0.011466487,-0.420806541,0.014393233
0.06526192,-0.393526008,0.018995606
0.046866193,-0.438389947,0.018993523
0.037490444,-0.375807681,0.018970594
0.051784397,-0.427923803,0.014430079
0.07450492,-0.394090918,0.018901426
0.057932547,-0.42729292,0.01440287
0.046728369,-0.4425568,0.018930749
0.040514859,-0.39293834,0.01437502
0.063823711,-0.41584984,0.018925749
0.036403711,-0.389905447,0.018928216
0.051741767,-0.400375707,0.014401523
0.045174672,-0.435619709,0.014410235
0.026597081,-0.395660517,0.018921855
0.039145739,-0.439771028,0.014429519
0.033514115,-0.431424421,0.018867787
0.079680651,-0.427781716,0.014370256
0.047549174,-0.3830103,0.018938857
0.058426089,-0.388747906,0.018913834
0.078223507,-0.419818562,0.018961374
0.04352549,-0.410558791,0.018920738
0.025467289,-0.437919312,0.018933178
0.028190308,-0.432291046,0.018922216
0.011033596,-0.412531729,0.014374794
0.050401513,-0.393227431,0.018931402
0.038315116,-0.419987011,0.018969621
0.034077264,-0.442748567,0.018958648
0.015782783,-0.414936099,0.01438346
0.079723236,-0.401935358,0.018974463
0.039620061,-0.438469701,0.018983123
0.032361437,-0.427774585,0.018939949
0.064057622,-0.415381052,0.018943114
0.014789707,-0.410713465,0.018948353
0.051811339,-0.375966144,0.018900914
0.051943516,-0.400033812,0.018915815
0.018867601,-0.409657667,0.018937039
0.01202515,-0.420483161,0.018925945
0.078941956,-0.417362318,0.018988451
0.079035486,-0.39161565,0.018894413
0.017795113,-0.41437592,0.014429832
0.05752005,-0.411004758,0.018891493
0.070371186,-0.404033312,0.018927826
0.060381432,-0.442153642,0.014404897
0.024214985,-0.392441702,0.014404954
0.033068935,-0.409678798,0.018915043
0.078041335,-0.413692349,0.018917764
0.079229635,-0.415738007,0.018899834
0.047158051,-0.387042324,0.018886864
0.022305932,-0.427027387,0.014421686
0.061450075,-0.382680718,0.018896996
0.03787346,-0.421914673,0.018991815
0.044442129,-0.425310278,0.018896805
0.061425854,-0.402894914,0.018899151
0.075470013,-0.429632684,0.018971364
0.052276477,-0.388311301,0.014335855
0.028155119,-0.386884967,0.018905666
0.026870325,-0.396470127,0.018918877
0.050579248,-0.406507553,0.018912108
0.04100483,-0.430314467,0.018962052
0.052547812,-0.419753967,0.018934862
0.049054695,-0.439381062,0.018921824
0.049475894,-0.436565644,0.018936083
0.033582208,-0.421418148,0.014401253
0.067675484,-0.383479414,0.018893027
0.076692436,-0.421954001,0.018989863
0.048687081,-0.44102206,0.018932918
0.068033053,-0.426624756,0.018860953
0.069398883,-0.431795451,0.018891107
0.04137733,-0.371405944,0.018966944
0.077093489,-0.400284007,0.014417492
0.046126682,-0.431525627,0.018920005
0.053476308,-0.402644052,0.01889117
0.044764531,-0.440491919,0.014407827
0.067153308,-0.416644844,0.018889928
0.078113642,-0.389065997,0.01888225
0.025864717,-0.425223745,0.018997289
0.076739553,-0.405621302,0.018887192
0.02709816,-0.400204275,0.018917059
0.024859007,-0.430636244,0.014419325
0.039223892,-0.393850058,0.014362849
0.031607897,-0.437387352,0.018998688
0.055966592,-0.382530401,0.018936285
0.031076509,-0.443540351,0.014423607
0.035711989,-0.44636107,0.018934933
0.044536092,-0.442001929,0.018917893
0.049479123,-0.413390149,0.018914613
0.064486729,-0.412581879,0.018925288
0.082766458,-0.403164697,0.018917849
0.021376895,-0.407584578,0.01895785
0.021077615,-0.407522413,0.018904378
0.073357992,-0.404960713,0.018936326
0.029721273,-0.400179623,0.014363443
0.056729707,-0.437820788,0.014420265
0.013980082,-0.422669596,0.01891805
0.022734946,-0.378920254,0.018897065
0.038410039,-0.426123211,0.019001747
0.033649055,-0.444900574,0.014427111
0.015843708,-0.393618645,0.018897866
0.061826641,-0.425524449,0.018996484
0.010518166,-0.419723629,0.018950784
0.032915312,-0.429144191,0.01893922
0.077024408,-0.424915969,0.014397138
0.071286499,-0.40157471,0.01888111
0.074091058,-0.387894743,0.018903635
0.045083728,-0.428313404,0.018966869
0.067656302,-0.409332442,0.014395903
0.065696901,-0.432012055,0.018952107
0.036098481,-0.384110755,0.018903214
0.019753765,-0.381248842,0.018923474
0.026885827,-0.40226876,0.018978939
0.063376611,-0.407349077,0.018888588
0.045155671,-0.43721798,0.018978521
0.040910849,-0.39704579,0.014359417
0.049221672,-0.447620317,0.014425321
0.026680724,-0.414336047,0.018923652
0.029344873,-0.378247207,0.018880913
0.010084614,-0.411490841,0.014397313
0.045907135,-0.377686713,0.018928289
0.041295546,-0.394812874,0.018936548
0.060383124,-0.40489518,0.01441227
0.042623175,-0.439033227,0.014407637
0.02391567,-0.397397864,0.014345883
0.035078651,-0.425593179,0.018967836
0.042153671,-0.426324441,0.018913111
0.053375736,-0.372287776,0.014368451
0.029456367,-0.395447145,0.018903385
0.03684171,-0.423983016,0.018994974
0.056430911,-0.383599193,0.018876044
0.015232285,-0.40028316,0.018942122
0.048360196,-0.410602745,0.018937153
0.027069465,-0.416511864,0.018908669
0.06933349,-0.430580299,0.018927456
0.025498766,-0.433190804,0.0144406
0.063129419,-0.390688509,0.01888026
0.067954056,-0.3813612,0.018911827
0.053413109,-0.419795585,0.018980383
0.063277764,-0.383421945,0.014401454
0.03109904,-0.421613454,0.018959528
0.035735831,-0.376654135,0.018914594
0.060783075,-0.398263149,0.018959282
0.060052305,-0.397713976,0.018972302
0.050037753,-0.397955593,0.018946041
0.03862597,-0.412052416,0.018969846
0.068947311,-0.428392953,0.014423274
0.041355316,-0.438654824,0.01893933
0.072240254,-0.437767986,0.018912505
0.075644246,-0.428333411,0.018909233
0.047568077,-0.425117063,0.018914541
0.073801165,-0.414746367,0.014403845
0.059743097,-0.43141128,0.018919772
0.074708748,-0.422070832,0.018900423
0.067332635,-0.439235316,0.018909451
0.038267889,-0.413695927,0.014414382
0.058993268,-0.402270055,0.018886415
0.028847037,-0.440851661,0.018992441
0.070213049,-0.384730319,0.014407071
0.008146632,-0.418912085,0.014391084
0.036876688,-0.410938548,0.018864775
0.036546443,-0.410825847,0.018923812
0.080142459,-0.400649512,0.018914101
0.052031004,-0.443943226,0.014427923
0.014486678,-0.418768754,0.014363705
0.041990875,-0.393556766,0.01892037
0.076335089,-0.385332099,0.018894181
0.074456483,-0.397989141,0.018907205
0.028018074,-0.421954153,0.018950121
0.061146259,-0.43115569,0.01440375
0.066128699,-0.430025655,0.01890549
0.071788527,-0.417874638,0.014403806
0.054430699,-0.421346245,0.018905
0.029789261,-0.405583033,0.018931856
0.051967501,-0.446412144,0.014397053
0.037230692,-0.433174908,0.018905481
0.061990168,-0.444727359,0.018937317
0.014332486,-0.433490731,0.01442177
0.040374531,-0.40754763,0.018898158
0.018771888,-0.435285347,0.018971808
0.053127166,-0.426554679,0.018943065
0.029333696,-0.385092959,0.01893037
0.036761557,-0.394325028,0.018929682
0.030302498,-0.404289366,0.018934945
0.074896296,-0.420403699,0.014395228
0.052909555,-0.397691769,0.018875993
0.084270272,-0.404956541,0.018916815
0.031175867,-0.400629767,0.018927329
0.027716677,-0.404210448,0.018920569
0.010030311,-0.421424376,0.018928719
0.079980034,-0.410165148,0.018965665
0.050718072,-0.430389493,0.018931027
0.020505982,-0.422198992,0.018934655
0.066331621,-0.384384863,0.018897979
0.035436065,-0.447706318,0.014405333
0.068367826,-0.412055992,0.018888316
0.043519525,-0.376492711,0.014383229
0.063339073,-0.416778392,0.018976836
0.05222555,-0.400970464,0.018915502
0.056364831,-0.400938417,0.014372057
0.059651832,-0.421473399,0.018919119
0.049401122,-0.449462042,0.018927855
0.061562859,-0.387211697,0.018956441
0.063259878,-0.414538129,0.014418167
0.063359174,-0.425039829,0.014391716
0.045154376,-0.40875322,0.018886068
0.080234719,-0.416975238,0.01894028
0.012606712,-0.423990684,0.018995163
0.037168803,-0.395626304,0.018931476
0.070498021,-0.39735116,0.018927318
0.047893696,-0.43548757,0.018973626
0.017655166,-0.41309647,0.018889609
0.046583892,-0.43543992,0.018960269
0.038244585,-0.441709106,0.018908372
0.014510358,-0.425030794,0.018969825
0.029528658,-0.428480703,0.014390748
0.01734446,-0.418662303,0.014385756
0.020698971,-0.41177262,0.01888043
0.041365426,-0.437331789,0.014436349
0.016111654,-0.427485344,0.018912421
0.066644929,-0.397137393,0.014368101
0.053695921,-0.372776386,0.018903591
0.026090441,-0.378047339,0.018886939
0.016924988,-0.432720491,0.014446971
0.042437065,-0.428595069,0.018915021
0.07735032,-0.422161236,0.018930591
0.068609374,-0.419575705,0.018891444
0.039977695,-0.430620197,0.018894062
0.015862077,-0.418202985,0.018926395
0.05374165,-0.432450409,0.018949325
0.06178058,-0.381764619,0.014403566
0.053303984,-0.37787049,0.014364219
0.050744883,-0.436920007,0.018983243
0.050110041,-0.416791151,0.014411105
0.042915727,-0.441988604,0.01439148
0.079195726,-0.415168598,0.018899483
0.030991651,-0.437556944,0.018935158
0.020819923,-0.409144492,0.014362889
0.053933324,-0.375385084,0.014371956
0.070570711,-0.421478438,0.014387861
0.043785512,-0.406630662,0.018873474
0.033574107,-0.38920706,0.018920435
0.048838583,-0.442743338,0.019029064
0.055130864,-0.421074797,0.014412031
0.056584425,-0.438166444,0.018922903
0.047718665,-0.448299423,0.018924351
0.038994839,-0.430690784,0.01888881
0.049257166,-0.415542326,0.018886239
0.013558145,-0.422848698,0.018924577
0.040687438,-0.435294723,0.018945875
0.068091358,-0.403702443,0.014389723
0.062980161,-0.415572578,0.018918579
0.058416597,-0.372834578,0.014389734
0.053068202,-0.387654352,0.018901652
0.064953194,-0.379713038,0.018919398
0.070248423,-0.392888026,0.018930672
0.053929073,-0.379509677,0.018873918
0.048831126,-0.414731879,0.018976468
0.06528514,-0.431397966,0.018938153
0.019868452,-0.379911007,0.014388945
0.050577289,-0.405312252,0.01896907
0.070790925,-0.402800398,0.018910997
0.078660623,-0.417082122,0.018927803
0.066647467,-0.431092535,0.018937549
0.073117243,-0.405984462,0.014384361
0.038197691,-0.430114965,0.014362562
0.073105258,-0.436628074,0.01442561
0.056095585,-0.38040149,0.014377719
0.073220473,-0.431200716,0.014438297
0.062482211,-0.429782789,0.0188996
0.027213308,-0.428107483,0.018968895
0.068093083,-0.421475373,0.018884109
0.075308861,-0.434999275,0.018909916
0.078662665,-0.408237148,0.014374538
0.035901649,-0.402572649,0.018866906
0.020610801,-0.413641493,0.014396563
0.052215769,-0.432334488,0.01441475
0.072930788,-0.402693028,0.018900216
0.044483549,-0.430278104,0.014392241
0.066189092,-0.38482682,0.014395894
0.082229702,-0.396098501,0.014400135
0.046496605,-0.376074945,0.018896134
0.059631913,-0.408669396,0.018995899
0.070622635,-0.434760381,0.01896119
0.078665695,-0.421871648,0.018943088
0.048901907,-0.43293825,0.0189367
0.028150121,-0.381534507,0.018927956
0.059194655,-0.376037686,0.014398005
0.017729618,-0.435895823,0.019001845
0.046765938,-0.392357111,0.014393015
0.038270383,-0.403482465,0.018896278
0.0512401,-0.428634427,0.018977777
0.070382961,-0.424879729,0.018946885
0.021672347,-0.400168419,0.018911633
0.044385426,-0.400382985,0.018891272
0.062567264,-0.422993771,0.014408453
0.047402388,-0.382470776,0.018857815
0.081130131,-0.424323344,0.014389659
0.039600324,-0.403603961,0.014439743
0.024457788,-0.400316896,0.018925327
0.057684956,-0.38540403,0.01893437
0.043178716,-0.439305882,0.014398614
0.079597176,-0.390167809,0.018984013
0.043106524,-0.421088305,0.018969331
0.083569584,-0.399605102,0.018925176
0.082170256,-0.41936861,0.014419001
0.044792794,-0.382933,0.018909279
0.056585473,-0.424454072,0.01898755
0.077498916,-0.388888125,0.018904317
0.020540132,-0.429262651,0.014397877
0.056510597,-0.429370682,0.018923266
0.041106557,-0.407716033,0.018940337
0.023593213,-0.417994374,0.018961875
0.049450343,-0.41701915,0.018917697
0.018278679,-0.429500457,0.018928269
0.068719218,-0.386136987,0.018989107
0.032871821,-0.431676318,0.014436684
0.06453988,-0.441740062,0.014378602
0.056636548,-0.389879975,0.018925
0.074290572,-0.435295868,0.014400603
0.075621703,-0.395718432,0.018876269
0.028964059,-0.434820629,0.018982064
0.064818002,-0.406877723,0.014347496
0.074816367,-0.385599279,0.018878588
0.024571172,-0.43518062,0.019022986
0.024454357,-0.41190589,0.014376529
0.020928062,-0.404746301,0.018919705
0.015086093,-0.414795716,0.018960865
0.008433878,-0.42117819,0.018929534
0.065543137,-0.40533457,0.018899451
0.073526569,-0.391535717,0.014390292
0.044453734,-0.381225852,0.018876542
0.031698443,-0.400580701,0.018987586
0.008259979,-0.409028064,0.018935559
0.054498534,-0.429931004,0.018912121
0.027699739,-0.404789612,0.014384486
0.018504959,-0.412775407,0.018911669
0.038481374,-0.434242078,0.018961105
0.036677716,-0.432301928,0.018925597
0.056953188,-0.446341849,0.018953304
0.044482669,-0.434874546,0.018923609
0.049711016,-0.428656296,0.014366798
0.064314207,-0.426389262,0.018895607
0.042981725,-0.445587993,0.018977723
0.047759165,-0.443019537,0.018922332
0.048418771,-0.437156,0.018911376
0.048484593,-0.402820763,0.018898668
0.0711647,-0.394054531,0.018930346
0.071335362,-0.425346456,0.018922449
0.033846897,-0.388861263,0.018917794
0.028164853,-0.411388487,0.018938835
0.020914141,-0.411941772,0.018918618
0.044654129,-0.384570432,0.018897363
0.050617885,-0.372363953,0.018898356
0.014409887,-0.401534881,0.014378467
0.038716935,-0.397854123,0.018905667
0.043654305,-0.383257493,0.018913447
0.029443999,-0.3876238,0.018889289
0.071843219,-0.433498615,0.019030825
0.051354059,-0.374793296,0.014388347
0.021793353,-0.410536533,0.018967396
0.040118757,-0.445684559,0.014419804
0.065452386,-0.43145706,0.014354088
0.037928126,-0.441156091,0.018895425
0.048244478,-0.446812843,0.018933065
0.031115693,-0.421017978,0.018908446
0.06891434,-0.401461135,0.018900129
0.063451302,-0.443207771,0.014407243
0.033526847,-0.434565694,0.018900347
0.037539765,-0.419109069,0.018914251
0.025952251,-0.40664167,0.018919226
0.047228359,-0.407690246,0.018935307
0.051544089,-0.435991007,0.018994093
0.047316445,-0.371087872,0.019006406
0.042874766,-0.370555801,0.018928898
0.062846036,-0.386445048,0.018966581
0.034687248,-0.40409449,0.018957678
0.044381578,-0.406575459,0.018949737
0.0347129,-0.421898783,0.018955237
0.014538973,-0.408216213,0.018925645
0.0307254,-0.421156772,0.018939262
0.05334061,-0.405772803,0.01889819
0.039407526,-0.431216833,0.014394026
0.045881261,-0.417319025,0.018903832
0.046318043,-0.384017079,0.018914316
0.04514187,-0.374435695,0.018911233
0.05466965,-0.44880543,0.014407334
0.032543643,-0.410032022,0.014381846
0.036108055,-0.392125588,0.018914278
0.034889893,-0.409193829,0.018936179
0.045480809,-0.398193904,0.018913154
0.078456546,-0.401121604,0.018901217
0.026240403,-0.396323293,0.018948927
0.063855525,-0.375494074,0.01890936
0.043008287,-0.439082557,0.018987553
0.052381872,-0.444693879,0.014387233
0.057366543,-0.392540812,0.018889101
0.054108347,-0.375371038,0.014345288
0.021176637,-0.411748782,0.018923948
0.015211015,-0.405123191,0.014409089
0.01832139,-0.406162957,0.014409738
0.016815327,-0.427380062,0.018939299
0.078380411,-0.425045768,0.01438722
0.054063866,-0.396814366,0.018900298
0.069489969,-0.391732286,0.018916145
0.067367263,-0.438792366,0.014426439
0.016847494,-0.42954977,0.018924863
0.032874865,-0.430813278,0.018898374
0.045165752,-0.431833091,0.018938717
0.037563584,-0.395974187,0.018915225
0.070234491,-0.381987052,0.018911206
0.035075672,-0.390278652,0.014399479
0.024776488,-0.400467436,0.018916222
0.058977457,-0.382146769,0.018947191
0.04083841,-0.394676338,0.014383177
0.059379007,-0.443031852,0.014434501
0.07146239,-0.4267135,0.018889331
0.039815392,-0.447838103,0.018947132
0.078926553,-0.411029354,0.018904238
0.041794498,-0.385246283,0.014370086
0.07011971,-0.398925505,0.014414277
0.062283813,-0.413689767,0.014406852
0.062784163,-0.425849375,0.018879206
0.033748802,-0.438405534,0.018902726
0.054192814,-0.404303879,0.018915732
0.067587225,-0.380835622,0.018890898
0.018515362,-0.398772245,0.014380741
0.061750859,-0.442697794,0.014401081
0.055198072,-0.430558576,0.018880859
0.010884613,-0.404591745,0.014381229
0.014560476,-0.399607615,0.018928071
0.079640727,-0.404132344,0.018988334
0.01577197,-0.422009769,0.018982319
0.067207157,-0.434391405,0.018928318
0.046784743,-0.40065979,0.014348765
0.077741146,-0.428623431,0.014427416
0.052942581,-0.392411396,0.018896138
0.031923103,-0.426615692,0.018941194
0.033705195,-0.412327951,0.018931971
0.026675078,-0.387043596,0.018897853
0.018357285,-0.411483627,0.018978506
0.033133861,-0.39228593,0.018893682
0.042295114,-0.425564274,0.018976647
0.064195249,-0.385438139,0.018930085
0.080027665,-0.414280257,0.018980404
0.02339438,-0.387172183,0.018905041
0.024048335,-0.425116423,0.018975678
0.06105727,-0.432106847,0.018970049
0.029576419,-0.443177606,0.014385695
0.058944627,-0.415750981,0.018896966
0.047665905,-0.39466873,0.018888242
0.080389249,-0.416835824,0.018948765
0.045074989,-0.402341943,0.018904548
0.068677465,-0.407254169,0.01898245
0.031363517,-0.380769792,0.018923036
0.029723346,-0.431740655,0.014431243
0.046487217,-0.370838257,0.01897622
0.019494648,-0.382968585,0.018915177
0.064071998,-0.44175885,0.018995248
0.038488163,-0.383536728,0.014395276
0.047827077,-0.420955612,0.014412725
0.069859908,-0.37970936,0.018907578
0.022010991,-0.417299385,0.014426134
0.030429605,-0.391660592,0.014382929
0.046670728,-0.427755383,0.019008005
0.018035276,-0.418852351,0.014377865
0.081344038,-0.392680986,0.018963121
0.047130479,-0.389733854,0.018937347
0.057314057,-0.395184912,0.018933929
0.022994916,-0.424770042,0.018957926
0.032074014,-0.38558609,0.014365845
0.019508738,-0.382239948,0.0189227
0.052669485,-0.39479763,0.018937029
0.066754093,-0.394081868,0.018968417
0.040100473,-0.404672586,0.018951985
0.064308493,-0.42224743,0.018940682
0.03315512,-0.423719472,0.018894794
0.0115357,-0.390234527,0.014378457
0.059476143,-0.386125952,0.018900333
0.062940516,-0.423245226,0.018958361
0.045525927,-0.4374217,0.018939
0.007401695,-0.405233213,0.014418574
0.025199928,-0.424394427,0.018899514
0.035260478,-0.377100452,0.018890938
0.085379364,-0.412654779,0.014400898
0.055637599,-0.435744698,0.018945765
0.068328098,-0.440000261,0.014393332
0.022846429,-0.387952247,0.018990611
0.018818863,-0.386190869,0.018933657
0.037258974,-0.392378888,0.018924953
0.047350832,-0.391721984,0.018919235
0.043016517,-0.440873345,0.019002376
0.053124211,-0.377185602,0.014392427
0.048620066,-0.378024071,0.014370212
0.046513577,-0.427179257,0.014398897
0.023228015,-0.392628846,0.01435611
0.050227204,-0.430138855,0.014386166
0.024623897,-0.406683046,0.018921605
0.018254891,-0.392066442,0.018893514
0.028681555,-0.390531675,0.01894145
0.068181303,-0.405502366,0.018938057
0.023816483,-0.393794524,0.014392635
0.02593613,-0.400819048,0.018917466
0.07848106,-0.414655142,0.018924999
0.00945531,-0.413679891,0.014417362
0.033305944,-0.382623478,0.018887477
0.013541376,-0.427313949,0.018990456
0.047729966,-0.427432918,0.018917832
0.021991007,-0.404718264,0.018925047
0.067791338,-0.424836312,0.0189226
0.076049041,-0.395792343,0.018871652
0.007986584,-0.400133231,0.018995699
0.045869301,-0.425018782,0.014404936
0.073248511,-0.387103269,0.018892202
0.006952328,-0.414263409,0.01902077
0.07351796,-0.397371246,0.018959324
0.063510096,-0.43795677,0.019004499
0.072837862,-0.420615894,0.018933843
0.057661887,-0.395604021,0.01892547
0.037990079,-0.394417793,0.018946919
0.033098705,-0.43532456,0.018986789
0.032121943,-0.435171617,0.018940837
0.069083124,-0.421817988,0.018887336
0.02597659,-0.409067528,0.018920203
0.066004863,-0.407640531,0.018903035
0.065867167,-0.405793442,0.018906425
0.020543395,-0.420686511,0.018911304
0.07497971,-0.402880648,0.018911521
0.055758173,-0.419509393,0.018936109
0.066318357,-0.389654953,0.018908365
0.019232379,-0.409102261,0.014399354
0.031855661,-0.395971186,0.018958071
0.067799729,-0.424200667,0.01900744
0.031067934,-0.407125669,0.018895617
0.056710423,-0.382804887,0.014366167
0.012768464,-0.413956545,0.018966227
0.034197729,-0.404706918,0.018946842
0.050742889,-0.436814268,0.014399772
0.05991814,-0.374178274,0.014387034
0.05931412,-0.425451639,0.014416993
0.019822373,-0.418672242,0.018918986
0.037947697,-0.433976903,0.018960192
0.023070433,-0.403495656,0.014362934
0.04371049,-0.40522784,0.018908453
0.083144105,-0.412618258,0.01892585
0.029447224,-0.407307144,0.018890149
0.034316107,-0.43246568,0.018944376
0.075499209,-0.398060367,0.018929149
0.026114675,-0.388349223,0.014395338
0.028653772,-0.443471054,0.014411323
0.047175996,-0.388522767,0.018917414
0.068492534,-0.391885149,0.018933161
0.034475143,-0.421973067,0.018928936
0.066032702,-0.396237528,0.018909361
0.074124588,-0.388189709,0.018924448
0.039476855,-0.384212144,0.014378788
0.06027606,-0.410090933,0.018975845
0.051281371,-0.416650311,0.018949126
0.043021318,-0.38815789,0.01441671
0.039050524,-0.443852917,0.014407293
0.019274807,-0.398996778,0.018875584
0.060770674,-0.382143993,0.018889318
0.051653038,-0.374364802,0.018879411
0.054125675,-0.441911575,0.014423491
0.078574906,-0.417115326,0.018925779
0.066906857,-0.435293258,0.01895642
0.054004362,-0.429178706,0.01893415
0.012348271,-0.414504991,0.018951975
0.056890974,-0.446011046,0.014412409
0.04075205,-0.371454269,0.019000257
0.055838403,-0.430095861,0.014430734
0.032407778,-0.416694228,0.014358703
0.027108781,-0.385052488,0.018953751
0.031475644,-0.401050989,0.018928965
0.018840275,-0.432248252,0.014372674
0.071551751,-0.429170078,0.018920976
0.073246252,-0.436480187,0.018936502
0.02552389,-0.43488059,0.018908014
0.023528005,-0.420961435,0.01892441
0.056565721,-0.44729602,0.01438314
0.027848701,-0.421858027,0.018903474
0.017524772,-0.422770201,0.0189248
0.069080215,-0.416258779,0.018898105
0.048351933,-0.376997483,0.018919738
0.054705199,-0.436277711,0.014461219
0.053530361,-0.412566211,0.018880724
0.060184743,-0.389382011,0.014391923
0.056465017,-0.434329491,0.018986179
0.076674389,-0.391271889,0.014382042
0.01088249,-0.404497012,0.018997986
0.069766068,-0.433813279,0.018977517
0.012957123,-0.389262668,0.014380404
0.033584046,-0.418365836,0.0189874
0.019033984,-0.392210827,0.014373108
0.02917242,-0.443972297,0.014428874
0.016923937,-0.411870193,0.018892746
0.047270759,-0.393711137,0.018894732
0.080920102,-0.406653616,0.018929786
0.078290104,-0.396420068,0.018902374
0.060953566,-0.432847737,0.01897678
0.047191078,-0.387276514,0.014385099
0.008972646,-0.423427929,0.014378986
0.035952713,-0.409478363,0.01888621
0.056695186,-0.376951953,0.018922493
0.039507577,-0.419270527,0.018967125
0.080952942,-0.419517979,0.018908144
0.017177071,-0.414098284,0.018969348
0.063766235,-0.383983873,0.018868903
0.065296843,-0.410591319,0.018945692
0.012241711,-0.429885972,0.014385909
0.033574528,-0.403723455,0.018912595
0.050674819,-0.382459224,0.018928034
0.03082317,-0.418219673,0.01445279
0.069669435,-0.389729978,0.01884281
0.035796565,-0.378996157,0.018871071
0.05456227,-0.400191796,0.018929707
0.034971825,-0.433215529,0.018950286
0.062109162,-0.401998551,0.018926392
0.023971394,-0.378357775,0.018881719
0.044241779,-0.401774312,0.018964341
0.010971765,-0.405615612,0.018930683
0.024084866,-0.420705384,0.018909002
0.077309405,-0.425457525,0.014388174
0.034601466,-0.444976263,0.014402743
0.019702759,-0.41412532,0.014374007
0.071184188,-0.411614162,0.018895575
0.045573127,-0.417588137,0.018942491
0.053232138,-0.410283011,0.018928862
0.024060636,-0.434865459,0.018968514
0.061717755,-0.426903585,0.018893026
0.023330515,-0.435799908,0.018969351
0.062144898,-0.375345476,0.018979608
0.062170145,-0.399521532,0.018939726
0.026514416,-0.438867854,0.014410719
0.028221874,-0.420897418,0.018872973
0.042436283,-0.438086562,0.01893327
0.080371309,-0.427599148,0.014392243
0.033774468,-0.413298713,0.018933087
0.081855115,-0.406300897,0.014381659
0.030446703,-0.404042562,0.014395952
0.019949088,-0.385600524,0.018934134
0.044525796,-0.385471413,0.018932205
0.034079839,-0.37763082,0.018936667
0.058938557,-0.442244037,0.014415856
0.082562998,-0.419168067,0.018895497
0.065973776,-0.400081796,0.018902036
0.014762273,-0.429931654,0.01892196
0.036952418,-0.382906789,0.01436162
0.04373695,-0.412178625,0.018951894
0.039253752,-0.388294032,0.018900953
0.048376709,-0.385135288,0.018878078
0.039120997,-0.380380608,0.018922407
0.063518719,-0.393778932,0.0189498
0.081592009,-0.395174277,0.018928173
0.078711774,-0.410855739,0.018939427
0.023604016,-0.379078398,0.01888167
0.048266896,-0.439014575,0.019055826
0.017817448,-0.38668705,0.018922275
0.042300411,-0.374965902,0.018907225
0.056000211,-0.441966864,0.014407543
0.067327405,-0.410068882,0.018903934
0.060597326,-0.437932083,0.018942754
0.06738992,-0.394089218,0.014386392
0.014430772,-0.400986058,0.018921233
0.076907714,-0.408394346,0.018974815
0.017004713,-0.401103034,0.018885689
0.049012203,-0.431401204,0.014410319
0.031130059,-0.375028073,0.018933753
0.068500783,-0.386136503,0.01897526
0.063668991,-0.399490521,0.018932602
0.067404565,-0.403639433,0.018906409
0.012820388,-0.41033048,0.018950163
0.029401097,-0.382031091,0.018895335
0.063207411,-0.410329914,0.018950979
0.05935977,-0.421059827,0.018920315
0.036518919,-0.412580033,0.018897795
0.026367869,-0.396580599,0.018916235
0.010429279,-0.407437641,0.018925328
0.026347582,-0.393100056,0.01890277
0.030720253,-0.427933249,0.014428394
0.04511053,-0.425779531,0.01890152
0.073421576,-0.422233811,0.018907778
0.027170229,-0.434252173,0.018962281
0.050673959,-0.419428355,0.01891285
0.058648971,-0.443766586,0.014393092
0.07863927,-0.423869362,0.018869709
0.07459582,-0.429018319,0.01894226
0.059106231,-0.375920801,0.018901279
0.076563088,-0.409411648,0.01895725
0.036015458,-0.415966589,0.018949995
0.044599579,-0.399896135,0.014366788
0.057679634,-0.379860964,0.01438243
0.037429731,-0.410303786,0.018957471
0.027171488,-0.400765699,0.018931379
0.07303015,-0.415213036,0.018914507
0.071322686,-0.402987384,0.018896869
0.06203293,-0.381541955,0.018928656
0.075065649,-0.391034576,0.018909497
0.041428826,-0.418350579,0.018948999
0.067892074,-0.439252154,0.014397138
0.015931182,-0.427523617,0.014418213
0.060252406,-0.401174043,0.018885209
0.012339902,-0.400710259,0.018930345
0.055551043,-0.420664741,0.018943339
0.018815514,-0.428800942,0.018918521
0.00940104,-0.416510331,0.018909894
0.045836287,-0.379617403,0.018947364
0.071614654,-0.391156079,0.018920776
0.028093862,-0.443275995,0.019006218
0.041860959,-0.415464968,0.014420315
0.079581649,-0.400452165,0.018859162
0.01597095,-0.421296227,0.018979231
0.056223245,-0.434132924,0.018932305
0.048664306,-0.382760445,0.014365284
0.072432332,-0.402366615,0.014388494
0.016061377,-0.412077462,0.014360208
0.036471696,-0.382981318,0.018892245
0.029470103,-0.429825838,0.014405252
0.072669801,-0.405597509,0.01434741
0.052502918,-0.435965976,0.018968735
0.076821398,-0.399500186,0.018903707
0.07053405,-0.423877311,0.018963044
0.039350589,-0.394332893,0.018927589
0.047179931,-0.406439461,0.01893544
0.024176441,-0.398260321,0.018947872
0.06991384,-0.410034103,0.018917306
0.02425913,-0.427803462,0.018925393
0.022893489,-0.440241748,0.018907582
0.0771963,-0.389504196,0.01898442
0.029983881,-0.436987599,0.018988454
0.06385805,-0.412252147,0.014348256
0.064877625,-0.391575531,0.018888637
0.031205125,-0.405716901,0.018932422
0.018540749,-0.393777551,0.018916488
0.078604952,-0.399028189,0.018931102
0.032513742,-0.395730494,0.018896369
0.077015278,-0.428242551,0.014423547
0.033154974,-0.417318109,0.018885025
0.03214606,-0.422023501,0.018888331
0.055517449,-0.390594558,0.018883073
0.030654434,-0.436318645,0.018971131
0.073402061,-0.393519825,0.018937041
0.044504261,-0.415908128,0.014403721
0.072868658,-0.421246562,0.018922627
0.084118143,-0.400972675,0.018887534
0.066704641,-0.411744191,0.014368991
0.079482406,-0.401269062,0.018884213
0.061061272,-0.42386564,0.018961642
0.040319996,-0.403733857,0.018903665
0.043718272,-0.433411565,0.018951685
0.03842902,-0.416086923,0.018921805
0.078720575,-0.411479366,0.018888418
0.070719905,-0.432218106,0.018965207
0.041125728,-0.394080186,0.018921168
0.011204899,-0.407817903,0.018953636
0.027648605,-0.438058691,0.018998507
0.052104458,-0.420555628,0.018888149
0.044307212,-0.401430649,0.018900063
0.033217728,-0.425190491,0.018935973
0.034916325,-0.4295697,0.018915882
0.021147697,-0.429096474,0.018905785
0.07661472,-0.387055282,0.018972676
0.053445541,-0.431583678,0.014384463
0.070682558,-0.418672383,0.018891696
0.008519032,-0.410231003,0.018939268
0.045026299,-0.384441879,0.0188961
0.065449056,-0.379964965,0.018898355
0.043259737,-0.430728641,0.014442242
0.031501752,-0.407437744,0.018914474
0.061251678,-0.377477536,0.018904959
0.083906213,-0.401686475,0.018950208
0.041017336,-0.449258775,0.014409407
0.046925614,-0.4256344,0.018868875
0.082543745,-0.405623084,0.018894205
0.031175126,-0.382550924,0.018888707
0.056379836,-0.445782183,0.0143839
0.0644611,-0.437177113,0.018876303
0.054477977,-0.405112561,0.014370644
0.053256808,-0.414389147,0.014380748
0.068094488,-0.386478665,0.014345228
0.02611973,-0.386876129,0.018917281
0.013097385,-0.406501749,0.018961123
0.041259051,-0.431158999,0.0144147
0.030829987,-0.385803979,0.018916439
0.059189493,-0.387812231,0.018964534
0.022711161,-0.405734695,0.01892192
0.017565344,-0.386922216,0.018894587
0.007978011,-0.407524865,0.018978297
0.056093954,-0.411137931,0.018907791
0.049553612,-0.390717044,0.018909196
0.035543871,-0.381377829,0.018901539
0.080358794,-0.406376733,0.014375138
0.073895011,-0.384387959,0.018894505
0.042733891,-0.406967846,0.018928838
0.025090475,-0.414389254,0.018931809
0.053325472,-0.416051204,0.014416457
0.045901773,-0.373271841,0.018921428
0.042991061,-0.392699091,0.018936596
0.015522183,-0.420025503,0.019009859
0.031969129,-0.439835311,0.018928416
0.07414734,-0.387391143,0.01898328
0.041955145,-0.423161536,0.018965012
0.067403981,-0.395461759,0.014380806
0.044003917,-0.388713871,0.018887416
0.06274766,-0.402112895,0.018949703
0.038969558,-0.404164936,0.014398537
0.019842672,-0.403295879,0.018894415
0.045640737,-0.37861137,0.018915774
0.034529147,-0.43061843,0.014403551
0.072970872,-0.389292403,0.014381518
0.043490486,-0.386619818,0.018929354
0.047938437,-0.398924407,0.018942346
0.02219749,-0.436027524,0.014360842
0.029044927,-0.417413218,0.01887745
0.038879633,-0.410390349,0.018913628
0.006590249,-0.407264398,0.018923948
0.059466518,-0.386737826,0.018928281
0.071125013,-0.434623527,0.019004828
0.033484429,-0.400138279,0.014359702
0.035381746,-0.373964407,0.018875552
0.044747827,-0.371741427,0.01437725
0.034810329,-0.423780574,0.018983797
0.036187681,-0.432998253,0.018941865
0.050290186,-0.421824221,0.018912666
0.052028612,-0.380091617,0.018894599
0.041836201,-0.422124868,0.014387111
0.028656916,-0.437577987,0.018943585
0.016459578,-0.430302189,0.018963393
0.056239397,-0.399519874,0.01436538
0.053551533,-0.378070896,0.018894635
0.029056718,-0.439693415,0.018997794
0.031433995,-0.375249219,0.014403275
0.078201644,-0.396777346,0.014378001
0.026751825,-0.410320447,0.01892515
0.059911689,-0.432922111,0.01895388
0.073603299,-0.419395824,0.018886201
0.035254925,-0.433439029,0.018931412
0.07514968,-0.432112355,0.018930423
0.06816347,-0.391571091,0.014359415
0.024025235,-0.384789607,0.018915396
0.062751738,-0.379979451,0.01893256
0.057394829,-0.443653133,0.014405641
0.061293015,-0.418645609,0.018899764
0.047450607,-0.435149424,0.018915891
0.068934989,-0.405997669,0.018885511
0.025407084,-0.417642706,0.018920068
0.076200863,-0.432818833,0.018971865
0.030967634,-0.376908366,0.018975603
0.03257557,-0.395255699,0.018947562
0.063183641,-0.400948064,0.018926296
0.016492372,-0.419617093,0.01896482
0.037502895,-0.381260103,0.018886723
0.063097115,-0.385451514,0.018925802
0.021124977,-0.399507648,0.014387548
0.047034577,-0.440108934,0.018965969
0.046695104,-0.413665119,0.018888993
0.046049397,-0.440284586,0.014389999
0.023573193,-0.419266141,0.014383098
0.069035846,-0.432212422,0.018922271
0.057828104,-0.426427009,0.018918175
0.02468364,-0.411545592,0.018896737
0.015182591,-0.427962713,0.018954689
0.072743424,-0.425877064,0.014365382
0.071207416,-0.398925472,0.014390362
0.073855748,-0.417900197,0.018922772
0.032944598,-0.403487434,0.014376926
0.066558619,-0.440340267,0.014394001
0.075313652,-0.387194592,0.018907948
0.014769176,-0.386863699,0.01893112
0.029591357,-0.402566135,0.018921888
0.07167652,-0.427788686,0.014380437
0.054306587,-0.383301615,0.014351049
0.010883342,-0.418105581,0.014389544
0.027176526,-0.396727538,0.018903031
0.0279339,-0.404997024,0.018939274
0.043052951,-0.395904795,0.018925879
0.049944703,-0.420582207,0.018942132
0.052391126,-0.429381371,0.01895102
0.059135774,-0.381146902,0.018936673
0.054124367,-0.437814718,0.014400846
0.044850365,-0.404187967,0.014372358
0.051132812,-0.425557499,0.018925723
0.048807525,-0.400254886,0.014355876
0.074032024,-0.43139783,0.014426021
0.050571468,-0.3850883,0.014361075
0.053913687,-0.371833607,0.018923628
0.040442141,-0.398320863,0.018947838
0.056976908,-0.398170918,0.018938747
0.027162744,-0.384290126,0.014382564
0.031976921,-0.400176562,0.018939527
0.036394681,-0.392821278,0.014355905
0.038175012,-0.373699915,0.018917964
0.035184779,-0.415394034,0.018987863
0.049680885,-0.377308772,0.018909929
0.057929267,-0.386159774,0.014399196
0.012863377,-0.398752036,0.014392097
0.082948512,-0.404256004,0.018985835
0.024689357,-0.401906125,0.018929018
0.034961337,-0.381472074,0.014399008
0.046370368,-0.404817363,0.018931017
0.040508148,-0.375231768,0.018898747
0.043229166,-0.416091164,0.019004383
0.036499789,-0.411077491,0.014386626
0.037305085,-0.399884875,0.014378961
0.02926968,-0.392826819,0.018894564
0.047155278,-0.432618418,0.014426036
0.006783746,-0.41210376,0.018924105
0.072344737,-0.406140823,0.01441059
0.018833915,-0.390044091,0.014364085
0.012723671,-0.410072288,0.018956559
0.047423971,-0.41315305,0.018903492
0.076170859,-0.419796145,0.018959174
0.077482059,-0.400731253,0.018896557
0.080108671,-0.402140756,0.018911947
0.02496544,-0.38723941,0.014361178
0.026587844,-0.431081549,0.018956288
0.035013738,-0.390403931,0.014364308
0.055135406,-0.443040573,0.014407692
0.028459488,-0.412380443,0.018895291
0.045868556,-0.421012187,0.014388188
0.067289381,-0.441249497,0.018944163
0.047135903,-0.386441177,0.018939137
0.077671311,-0.406344658,0.018973646
0.05198685,-0.409311666,0.018903062
0.046502246,-0.395510814,0.018909022
0.015764646,-0.40171421,0.018954512
0.063647558,-0.3910909,0.014399538
0.053885881,-0.39976772,0.01895801
0.067578375,-0.398524566,0.018917658
0.07101229,-0.401111886,0.018910542
0.023587846,-0.44093041,0.018956877
0.048764846,-0.382493482,0.018980775
0.055632993,-0.383042226,0.018922219
0.017430346,-0.393336882,0.018926449
0.068867373,-0.386745106,0.018879515
0.038741856,-0.37666203,0.01888378
0.061921223,-0.381277969,0.014422976
0.055778406,-0.378184955,0.018899585
0.025755256,-0.405143193,0.018965176
0.038003939,-0.384540849,0.01889668
0.026452715,-0.395260287,0.018956535
0.044551595,-0.399449059,0.01436847
0.066479644,-0.417453041,0.018932305
0.026339899,-0.400878985,0.018887774
0.066366219,-0.410279014,0.018954984
0.028915609,-0.429291728,0.018950596
0.044403778,-0.40960624,0.018932048
0.038403242,-0.375048387,0.018925256
0.066198348,-0.432598525,0.019019686
0.07160225,-0.394130916,0.014387161
0.044478932,-0.421128783,0.018932252
0.043332637,-0.39239397,0.018911334
0.027070842,-0.379667732,0.018880149
0.014697332,-0.416178894,0.019019419
0.053511141,-0.416117004,0.018937925
0.007945283,-0.416962835,0.018893889
0.02410121,-0.378519398,0.018912334
0.066621615,-0.431309607,0.018984655
0.070653982,-0.393003789,0.018924777
0.018261832,-0.399965486,0.018901228
0.049859285,-0.402729538,0.018915169
0.070426061,-0.423267451,0.018938238
0.067349041,-0.388916622,0.018916234
0.049090848,-0.417799273,0.018972314
0.033101772,-0.384096831,0.0189246
0.056196508,-0.39928108,0.018936465
0.065367906,-0.407482558,0.018945144
0.081146263,-0.395769717,0.018921091
0.050165006,-0.416907814,0.018960596
0.069594024,-0.403260949,0.018902992
0.035954889,-0.408104846,0.018968833
0.019566949,-0.415210195,0.018945998
0.036331139,-0.406925825,0.018870635
0.050639216,-0.387526677,0.018930842
0.061688021,-0.441952979,0.014446607
0.042120122,-0.411672804,0.018914861
0.068272849,-0.383095065,0.018883645
0.069636804,-0.410956457,0.01893652
0.054668626,-0.417963123,0.018884852
0.070986875,-0.388814353,0.018905989
0.057252261,-0.381785968,0.01891849
0.056712299,-0.434971112,0.019036303
0.014476353,-0.419050774,0.018935957
0.052865502,-0.431113062,0.014428978
0.053098592,-0.401403843,0.018896543
0.08045763,-0.425423434,0.014428578
0.053463546,-0.446594792,0.018884749
0.032662226,-0.386735386,0.014384458
0.039598092,-0.391931489,0.018884674
0.038996154,-0.415452401,0.018931424
0.047336175,-0.413357593,0.018930312
0.047538556,-0.448999122,0.014359163
0.067024097,-0.379263056,0.014430295
0.074465441,-0.398047771,0.018913464
0.082279872,-0.415914842,0.01893779
0.018157378,-0.409630739,0.018993229
0.016247437,-0.406691151,0.018955772
0.029861944,-0.419615763,0.018937655
0.027554172,-0.421305234,0.018916559
0.054043531,-0.438759779,0.01894005
0.072324313,-0.433800199,0.018941349
0.037206567,-0.380535294,0.018898269
0.029616364,-0.391515363,0.018950036
0.036205098,-0.385506988,0.018892113
0.062475893,-0.392853211,0.018948938
0.044273438,-0.398303285,0.0189393
0.010118588,-0.402829213,0.014389109
0.076332534,-0.397497209,0.014398057
0.042045893,-0.384952319,0.018926117
0.031875106,-0.374894257,0.014364287
0.056695457,-0.408442404,0.014397347
0.067342667,-0.433697526,0.018935042
0.033787699,-0.394478892,0.01895854
0.020303862,-0.43937275,0.019009758
0.038539621,-0.446774949,0.018988845
0.065184215,-0.431760948,0.01894157
0.050763362,-0.39108547,0.01892723
0.063144505,-0.415583133,0.018959755
0.022840178,-0.440442106,0.014379234
0.029198836,-0.426710727,0.01887323
0.043409333,-0.422221395,0.018948375
0.043444581,-0.392702824,0.018873583
0.038266953,-0.419461175,0.018957314
0.060457665,-0.424638377,0.0143927
0.063716397,-0.39228414,0.018879418
0.069379438,-0.440527318,0.014433915
0.073670562,-0.399153036,0.018892596
0.070901619,-0.424632035,0.018988079
0.042226034,-0.437506473,0.018957536
0.071661081,-0.412009631,0.018902183
0.029449687,-0.428410358,0.018962665
0.041574206,-0.388444467,0.014394892
0.083390918,-0.415958987,0.018971946
0.046318528,-0.415503439,0.018942398
0.019107076,-0.381774696,0.018868382
0.036592751,-0.405109654,0.014415925
0.081677263,-0.42145977,0.018935871
0.029151927,-0.398134605,0.018930587
0.032864627,-0.375745064,0.014414333
0.061370665,-0.443562003,0.014391708
0.033558487,-0.389772857,0.014372834
0.067436407,-0.412799983,0.01894964
0.048107563,-0.389252373,0.018925524
0.081228328,-0.395128203,0.014400131
0.01790254,-0.413143338,0.019014444
0.035918594,-0.39553425,0.01889284
0.036344757,-0.403120271,0.018923382
0.048972714,-0.404783466,0.018948722
0.040125963,-0.417308989,0.018939549
0.044151456,-0.418066894,0.018908275
0.062152308,-0.414124303,0.018931005
0.062176365,-0.389291963,0.018899384
0.067143564,-0.439891462,0.014398558
0.048943249,-0.421329508,0.014370166
0.051647728,-0.377338561,0.018920481
0.043493621,-0.419866441,0.019006205
0.021837007,-0.441328895,0.018984416
0.04860661,-0.448451091,0.018944395
0.069491909,-0.392062303,0.018890996
0.083288916,-0.418332723,0.018948407
0.063023239,-0.390385577,0.01892381
0.032905498,-0.401469446,0.018976318
0.019011261,-0.38298498,0.01894508
0.084068202,-0.402017658,0.018982209
0.078320721,-0.401245237,0.018895067
0.05364402,-0.38271809,0.01888064
0.007795094,-0.414346996,0.018995354
0.05360515,-0.447865376,0.014384745
0.063876505,-0.421927217,0.014372081
0.022155395,-0.41289203,0.018881659
0.084996614,-0.405517938,0.014397871
0.039123171,-0.402998117,0.018924917
0.039215592,-0.433905724,0.014395995
0.050272055,-0.433685345,0.018925822
0.055773663,-0.389536411,0.014384332
0.035402054,-0.418282816,0.018949529
0.055492298,-0.412233742,0.018885167
0.070912923,-0.398952779,0.018904263
0.048647954,-0.390229994,0.014397541
0.036221971,-0.384134758,0.014376192
0.03215869,-0.390496591,0.018925493
0.045961534,-0.406141759,0.014397144
0.058049321,-0.379219599,0.018901177
0.041334729,-0.432683756,0.014408815
0.049799384,-0.42781121,0.014404459
0.056251845,-0.431937643,0.014373886
0.032184106,-0.40695464,0.014365967
0.010486882,-0.415323929,0.018924248
0.042684418,-0.405597918,0.014384238
0.070352019,-0.409873248,0.018942389
0.035162464,-0.431189473,0.014404032
0.05149449,-0.372108162,0.014392359
0.0571618,-0.388574771,0.018918054
0.011569784,-0.399579883,0.018930723
0.041276334,-0.427629251,0.018996018
0.047791444,-0.403752821,0.018890099
0.044414669,-0.430110117,0.018988954
0.0605343,-0.422690024,0.014363983
0.047984341,-0.389383364,0.018883792
0.023750907,-0.390998044,0.018916689
0.011398412,-0.39432104,0.018929
0.072285777,-0.392294384,0.018934645
0.054626682,-0.377711867,0.018895154
0.043002164,-0.4325673,0.014400697
0.038454436,-0.384337359,0.018917657
0.035927942,-0.400974219,0.018969162
0.05808995,-0.445742405,0.0144135
0.019903084,-0.414316423,0.018889756
0.076414886,-0.389351828,0.018906593
0.076709776,-0.394595318,0.018958841
0.020031638,-0.410546929,0.018995349
0.05960982,-0.399904911,0.018927013
0.027837583,-0.412667195,0.018950344
0.07475364,-0.409641344,0.01891902
0.04651389,-0.39546915,0.018926337
0.03092937,-0.393275439,0.018960482
0.045184743,-0.380280055,0.018876819
0.008156039,-0.421572839,0.014389713
0.066427505,-0.432610757,0.018940038
0.052673621,-0.408730589,0.018892066
0.049034516,-0.418308051,0.018919756
0.068372411,-0.393412979,0.018958953
0.077012106,-0.415020137,0.014417889
0.079286187,-0.396601132,0.018875625
0.016817803,-0.408749773,0.018948079
0.019947409,-0.415778546,0.018924326
0.070540315,-0.407116291,0.018917617
0.023120014,-0.391409521,0.014368692
0.03878262,-0.377074527,0.018867226
0.037102543,-0.389349823,0.014388966
0.035138614,-0.417032784,0.018976415
0.053057732,-0.446189151,0.018954409
0.051340243,-0.374713099,0.018956709
0.020606049,-0.434133586,0.014429003
0.075284297,-0.414927498,0.018902461
0.056954145,-0.429341997,0.018966263
0.035697062,-0.384694654,0.018940906
0.008368751,-0.418701198,0.018985722
0.046979793,-0.388232917,0.018901281
0.075742655,-0.415951327,0.018975863
0.059238667,-0.383633612,0.014356763
0.057711075,-0.39157491,0.018927493
0.030109448,-0.415971925,0.018930446
0.041159865,-0.417949926,0.018922784
0.044568804,-0.37804222,0.018918999
0.066853614,-0.440274717,0.014427227
0.018535194,-0.417552372,0.018901059
0.051026482,-0.433534461,0.01896209
0.03868545,-0.392322463,0.018926999
0.008979693,-0.398048362,0.018968826
0.056933092,-0.372909419,0.018875605
0.057913832,-0.430889254,0.014408716
0.069321792,-0.42287467,0.018864178
0.01998254,-0.427886158,0.018953323
0.033687212,-0.413790008,0.014390453
0.021138833,-0.399823979,0.018897575
0.065474758,-0.378510653,0.018893571
0.050277244,-0.411690659,0.018998439
0.009232814,-0.420902635,0.01895795
0.046542266,-0.39179989,0.018883721
0.025794814,-0.416694588,0.014399977
0.060189875,-0.423309352,0.01892056
0.009609272,-0.424667705,0.01892746
0.02158098,-0.415536539,0.018925819
0.021822345,-0.414392706,0.018928722
0.025292025,-0.402768486,0.018913893
0.036476337,-0.38878925,0.018936975
0.023301494,-0.441835372,0.018993803
0.077060266,-0.426767969,0.014403389
0.073573033,-0.41475077,0.018893966
0.036037641,-0.411794568,0.014397867
0.038118816,-0.382151692,0.01435741
0.045078748,-0.382157122,0.018890561
0.040035107,-0.41975011,0.019020554
0.019327992,-0.426319851,0.018947882
0.028996645,-0.426055537,0.014393183
0.047531728,-0.427828943,0.01440723
0.050494154,-0.444814795,0.014414393
0.05184519,-0.443579634,0.018921621
0.043883014,-0.432663282,0.014394557
0.051168664,-0.402740373,0.018886257
0.043537189,-0.410184307,0.018955684
0.018218169,-0.431080219,0.018937269
0.075474948,-0.426944541,0.014418138
0.082071128,-0.412819204,0.014371351
0.048002412,-0.394468138,0.018908319
0.026251687,-0.389853932,0.018961243
0.038358459,-0.44392103,0.014390823
0.055342695,-0.376824595,0.018987946
0.06951002,-0.405065146,0.018952155
0.076320112,-0.396735348,0.018905816
0.017048947,-0.389892235,0.01434608
0.067420691,-0.430978443,0.01899388
0.072519417,-0.38331863,0.014371591
0.019144286,-0.405410696,0.018948913
0.040638711,-0.447265524,0.01446226
0.030039212,-0.384496979,0.018984519
0.05709237,-0.422787358,0.019019755
0.061827956,-0.432437967,0.018944219
0.066243969,-0.400363285,0.018910963
0.080003029,-0.425336896,0.014381315
0.055434153,-0.407151243,0.018896594
0.044568637,-0.427486854,0.018940229
0.078919699,-0.422359186,0.018913656
0.045271766,-0.406655093,0.018902383
0.064433421,-0.433789933,0.018949211
0.055324675,-0.437374333,0.014374222
0.011202859,-0.392331078,0.014366108
0.034043468,-0.391745113,0.018851777
0.033204619,-0.392071525,0.01891285
0.063689934,-0.381577042,0.018916597
0.059019447,-0.405217371,0.018951181
0.062299255,-0.374840127,0.018898442
0.020816337,-0.40662041,0.018972923
0.059210123,-0.416861699,0.018945758
0.051654731,-0.415618846,0.018926504
0.083159771,-0.402119578,0.014409723
0.033638483,-0.411690353,0.018956258
0.046064462,-0.389507183,0.018905789
0.080841218,-0.412172986,0.014396924
0.025586444,-0.413471958,0.018914294
0.035582623,-0.42868105,0.018927815
0.021406953,-0.388932167,0.018899465
0.033198792,-0.392997403,0.018930959
0.039404993,-0.372814629,0.014375207
0.059019815,-0.39495817,0.018944856
0.062902978,-0.429175183,0.018982648
0.050831785,-0.415514212,0.018923787
0.031129499,-0.424250139,0.018920699
0.019436453,-0.427626202,0.018920932
0.035844309,-0.383545691,0.018927868
0.060158609,-0.433500045,0.014455694
0.010343312,-0.409160296,0.018905947
0.049719501,-0.412563112,0.018944211
0.039171621,-0.427895867,0.018928584
0.00914493,-0.416088207,0.014376392
0.051302362,-0.377402327,0.018918274
0.046024706,-0.430172816,0.01902044
0.050791409,-0.377114196,0.018913719
0.022770664,-0.382295308,0.018923188
0.063804839,-0.423860554,0.014418032
0.029777459,-0.384257714,0.014365758
0.082016699,-0.412812661,0.018981915
0.066196859,-0.399906736,0.01436702
0.079521644,-0.427278161,0.014417438
0.077661627,-0.415169868,0.018889133
0.018241447,-0.408940232,0.014384671
0.027722992,-0.385132071,0.018908837
0.03759108,-0.414235028,0.018990899
0.020375076,-0.402735876,0.018948999
0.0307003,-0.427249107,0.018938452
0.031863047,-0.416305214,0.018947836
0.068500453,-0.442493922,0.014414749
0.038636921,-0.43227111,0.018891673
0.062727115,-0.43065559,0.018919724
0.062564305,-0.411468263,0.018867008
0.078513309,-0.432199494,0.018967591
0.033716856,-0.420735936,0.018895589
0.068277903,-0.420716985,0.018893314
0.038937884,-0.439051919,0.018912052
0.067254823,-0.39154873,0.01890547
0.059780241,-0.402672529,0.018902421
0.031543698,-0.379868345,0.014337833
0.022116442,-0.427655296,0.018989396
0.022978854,-0.383528227,0.018884822
0.068097395,-0.425655002,0.014385663
0.05698966,-0.435935769,0.018897264
0.074027757,-0.389522238,0.018934103
0.042588344,-0.410330257,0.018942303
0.059269538,-0.389249232,0.018893033
0.040166422,-0.434571222,0.019006901
0.03087575,-0.379622534,0.018949453
0.025198032,-0.434176927,0.014420826
0.031048648,-0.404944152,0.018892113
0.057593221,-0.39677218,0.018950079
0.065519044,-0.41127833,0.018927603
0.016500566,-0.412461097,0.01892067
0.076724179,-0.393967549,0.01899887
0.029704662,-0.428505301,0.01897697
0.031351146,-0.391346804,0.014346947
0.037501158,-0.386270807,0.018889342
0.019870913,-0.434223319,0.014413008
0.075122322,-0.419247158,0.018896641
0.031076597,-0.384607583,0.014392518
0.055251576,-0.390752106,0.018878714
0.059136197,-0.374433207,0.018909182
0.05371561,-0.429429324,0.014405212
0.046173897,-0.412029719,0.014359825
0.020863972,-0.438060473,0.018933794
0.03363392,-0.41956975,0.018877342
0.013671639,-0.423131854,0.018920387
0.023382962,-0.378033589,0.018880045
0.038751008,-0.411618991,0.018984276
0.080622586,-0.395463963,0.014376287
0.014765322,-0.426022451,0.018967574
0.046549918,-0.420819828,0.018895908
0.063837333,-0.412058618,0.018912611
0.059617332,-0.375983937,0.018906972
0.027373752,-0.417190003,0.014392499
0.020809527,-0.408572428,0.018933623
0.04503843,-0.436068582,0.01893615
0.023144852,-0.422496424,0.018912851
0.024495444,-0.385145851,0.018927361
0.045068158,-0.415823131,0.014375746
0.056127973,-0.440472293,0.014429471
0.053807433,-0.395496135,0.014359635
0.078237632,-0.389661574,0.018853216
0.070023085,-0.427403385,0.018966127
0.052206655,-0.382039782,0.018904154
0.043679695,-0.438721808,0.014408107
0.035398066,-0.418202747,0.014373693
0.020945361,-0.401518345,0.018923175
0.043529543,-0.421156317,0.018968403
0.062484154,-0.41246633,0.018906614
0.030692952,-0.412625901,0.014389708
0.029527161,-0.412762176,0.018939699
0.032014728,-0.422186372,0.018956705
0.057931032,-0.401394045,0.018905386
0.03217142,-0.438983652,0.014415837
0.066049951,-0.410388218,0.014359883
0.070640854,-0.387946975,0.018885308
0.046324376,-0.426247023,0.014369706
0.08014385,-0.403235572,0.018883975
0.058867876,-0.433789902,0.018932905
0.066510977,-0.422366046,0.018890799
0.066240985,-0.433086142,0.01889516
0.075751345,-0.429845959,0.018949315
0.059827319,-0.40917139,0.018902071
0.027744174,-0.400402403,0.018934123
0.082785561,-0.417305075,0.018930053
0.025117384,-0.377091624,0.014372149
0.036573096,-0.377399204,0.018905823
0.062060306,-0.4053553,0.014436908
0.055624361,-0.388389231,0.018928469
0.026447932,-0.397597796,0.014410563
0.017539986,-0.436046247,0.014428429
0.031496709,-0.416289705,0.014391792
0.078684784,-0.401560244,0.018904138
0.06445518,-0.435879519,0.018977399
0.050172978,-0.434773526,0.018935953
0.023380426,-0.40837871,0.014362054
0.031614043,-0.406528722,0.018945252
0.030664872,-0.438944735,0.0189769
0.036049724,-0.406286737,0.018920594
0.067194385,-0.416317375,0.018908734
0.017736199,-0.425448147,0.014417449
0.070839475,-0.431074087,0.018895196
0.056357488,-0.413571808,0.018912027
0.042808,-0.379991616,0.014372327
0.055703155,-0.373169026,0.018836
0.050364501,-0.378513121,0.018937413
0.058664054,-0.439103835,0.019023823
0.05613413,-0.419826889,0.018897477
0.054829998,-0.446674084,0.018953177
0.025584162,-0.392715068,0.014387495
0.018446091,-0.387172713,0.014382494
0.069076522,-0.389382529,0.014383512
0.033634015,-0.428209732,0.018988017
0.033317808,-0.404986223,0.014399189
0.055098197,-0.440041619,0.018976576
0.072918969,-0.42403358,0.018892099
0.038492515,-0.401751723,0.01434104
0.047475201,-0.434646627,0.018938786
0.067679861,-0.423434383,0.018936451
0.051523669,-0.425879961,0.018930416
0.049512713,-0.396889467,0.018936438
0.080435836,-0.391746054,0.01891717
0.068327432,-0.429181167,0.014401857
0.009624726,-0.400304918,0.018971044
0.038599505,-0.443110976,0.014449891
0.032298456,-0.385632974,0.018905425
0.057535336,-0.422575641,0.01445615
0.038983971,-0.444666541,0.018934739
0.047377828,-0.435437303,0.018898766
0.049788395,-0.382912605,0.018953315
0.04500883,-0.440367894,0.019038241
0.027896114,-0.377891012,0.018988033
0.044501318,-0.386052067,0.018931361
0.040907519,-0.400260805,0.018931146
0.043911994,-0.398668987,0.018924591
0.023568702,-0.410519229,0.018935353
0.041428824,-0.403285346,0.014410554
0.0197951,-0.413495031,0.018923434
0.036718786,-0.380924177,0.014403749
0.045004789,-0.39399533,0.018913128
0.058041341,-0.384101767,0.018878701
0.0433537,-0.436405078,0.014418488
0.032074292,-0.432079869,0.01889266
0.05497064,-0.400154647,0.018913187
0.049611543,-0.404706713,0.018921402
0.069226419,-0.400689005,0.01894107
0.062819339,-0.393409,0.018896374
0.01671155,-0.39606169,0.014375128
0.015701608,-0.431975211,0.014410383
0.019522273,-0.391184442,0.018917636
0.043319871,-0.445432521,0.014407629
0.031477146,-0.412697982,0.018926634
0.046835603,-0.426192547,0.018945196
0.040642255,-0.400832134,0.018918588
0.012054537,-0.396660056,0.018940139
0.027711112,-0.390976668,0.01893145
0.052648458,-0.444687742,0.01439018
0.063914181,-0.414944085,0.014373785
0.057968557,-0.39334745,0.018911694
0.061476202,-0.407538679,0.01892048
0.024846362,-0.43789517,0.018961633
0.02965915,-0.392998577,0.018934327
0.018124203,-0.400340504,0.018943521
0.047306593,-0.377104569,0.014365708
0.026888889,-0.43310151,0.014408987
0.052353858,-0.374519236,0.018956086
0.057866954,-0.433218675,0.014428038
0.0351776,-0.388978535,0.014347784
0.02541917,-0.41972749,0.018926527
0.034286811,-0.419199596,0.018927537
0.030857485,-0.427592376,0.018955447
0.031284806,-0.428426268,0.018950143
0.054755413,-0.445879189,0.018927296
0.071690007,-0.408186188,0.018911567
0.049578374,-0.441591959,0.018988741
0.076827923,-0.418103509,0.018907727
0.069474877,-0.398469081,0.018897345
0.029678459,-0.414318106,0.014450432
0.045397197,-0.373293218,0.018903431
0.065351406,-0.386567057,0.014401142
0.024590541,-0.412011642,0.018917857
0.063871297,-0.383181301,0.01887602
0.084157093,-0.41805023,0.018950951
0.079935409,-0.410258251,0.018895322
0.058845911,-0.384565423,0.018924705
0.03726476,-0.375133696,0.014348918
0.029975473,-0.420505908,0.018995424
0.007583469,-0.402192501,0.01894991
0.055981112,-0.448781958,0.018994361
0.07143545,-0.385756267,0.014393246
0.04646929,-0.447859959,0.014409485
0.050555414,-0.425690861,0.018930581
0.015971184,-0.434965998,0.014441255
0.045919933,-0.445955744,0.014408995
0.059023229,-0.421485126,0.018916489
0.024954618,-0.406727826,0.018933319
0.073948555,-0.39182737,0.018900359
0.02063846,-0.415055295,0.018944385
0.027753578,-0.406812199,0.018933929
0.052755139,-0.44064207,0.01896155
0.043350106,-0.43036712,0.01889086
0.046792592,-0.395975665,0.014368324
0.05166698,-0.400496498,0.014385177
0.063635756,-0.437365164,0.018961864
0.067003024,-0.440795464,0.018893906
0.065250103,-0.381557182,0.018932052
0.061276909,-0.394635888,0.018935701
0.046173982,-0.420163736,0.014352292
0.059974285,-0.416572487,0.018910154
0.05886423,-0.412188744,0.014358941
0.027242975,-0.440179054,0.018942774
0.019977731,-0.384036045,0.014369285
0.023813908,-0.418070305,0.018981736
0.045014591,-0.382506296,0.014375851
0.066594867,-0.393476285,0.014399063
0.05531171,-0.378951476,0.018907833
0.016822958,-0.429572656,0.014409106
0.055414117,-0.395854091,0.018953593
0.062068816,-0.436658781,0.014386545
0.019471543,-0.416066215,0.018898903
0.015615837,-0.385497443,0.018944751
0.020781373,-0.411945986,0.014425625
0.042327628,-0.400546751,0.018952267
0.052430363,-0.443758542,0.014409699
0.022538835,-0.421249737,0.018905297
0.041603632,-0.424595603,0.018903195
0.050224641,-0.427245867,0.018948493
0.054619054,-0.432060201,0.018894881
0.073558372,-0.387067352,0.014373861
0.026050246,-0.400527468,0.018936688
0.040976457,-0.379718177,0.018886993
0.064017812,-0.397463972,0.018958871
0.045967905,-0.384765036,0.018881562
0.05528135,-0.440321618,0.014429961
0.028716623,-0.421318886,0.018885314
0.018432952,-0.389916346,0.018951555
0.037064634,-0.429444914,0.014412549
0.070309457,-0.408379771,0.018911903
0.020317604,-0.419653566,0.018955079
0.078993047,-0.389520121,0.014373408
0.034282957,-0.396428701,0.018914891
0.030380319,-0.445570864,0.019026179
0.038618915,-0.433341338,0.018867047
0.076795745,-0.404575234,0.014394281
0.048615056,-0.441254796,0.018937252
0.054186218,-0.375463105,0.018986181
0.065430369,-0.430589632,0.014403012
0.033486627,-0.43262175,0.018920026
0.039368649,-0.407264775,0.018861602
0.070288119,-0.391157146,0.014385726
0.061301281,-0.380459295,0.018915367
0.03673931,-0.376327255,0.018877016
0.078818396,-0.40868391,0.014398575
0.04726908,-0.374698285,0.014382825
0.073842117,-0.391055061,0.018917263
0.063693369,-0.421205582,0.018923491
0.035129337,-0.425898365,0.018945622
0.073196941,-0.423473377,0.018914741
0.057775479,-0.42158188,0.01893156
0.057406103,-0.396180007,0.018883937
0.072762938,-0.437859176,0.014408215
0.036493724,-0.39691578,0.01438652
0.066838986,-0.385636586,0.018891599
0.040656407,-0.419762235,0.018958709
0.052177376,-0.400036803,0.018899755
0.029610494,-0.378664092,0.018922838
0.03450968,-0.373755156,0.014387903
0.033708927,-0.418261529,0.019051682
0.031805078,-0.410031415,0.018908931
0.057515086,-0.426898169,0.018952066
0.04316776,-0.420913098,0.018933141
0.076711864,-0.407661383,0.01438107
0.050707489,-0.403545725,0.018908793
0.021301701,-0.384003575,0.018898686
0.040645979,-0.424138796,0.019009846
0.040850324,-0.434109627,0.018934059
0.025253219,-0.387731972,0.018905899
0.047362123,-0.437003676,0.019021982
0.07973821,-0.414776296,0.014357301
0.026445138,-0.397250838,0.018861525
0.058337921,-0.384745769,0.018902493
0.075535723,-0.397773194,0.018904389
0.066454236,-0.381229009,0.018915223
0.039623583,-0.423381424,0.018966367
0.048515407,-0.423859589,0.01893072
0.030726125,-0.397674294,0.018872929
0.061531264,-0.441487383,0.014369664
0.058589726,-0.392709701,0.018931899
0.04185809,-0.403209255,0.018949683
0.061029888,-0.404326422,0.018916079
0.014267779,-0.408856863,0.018931113
0.041038035,-0.395957262,0.014400513
0.065522756,-0.386900989,0.014369646
0.071919751,-0.433789248,0.018980093
0.053592147,-0.438950681,0.018891659
0.042161728,-0.439644841,0.0188909
0.056479629,-0.446336561,0.018946465
0.025228269,-0.413320533,0.018919096
0.082583389,-0.405377824,0.014405893
0.032778633,-0.384894839,0.018905151
0.037465888,-0.404519373,0.018977673
0.017661183,-0.432144224,0.018996044
0.083705203,-0.403456205,0.018999552
0.057367105,-0.401745017,0.014376302
0.042789876,-0.406068067,0.018921745
0.036339332,-0.403223008,0.018929726
0.027236253,-0.433439436,0.018971743
0.046331732,-0.421379326,0.018900559
0.041784344,-0.437366292,0.018898246
0.021390941,-0.428028808,0.018922373
0.0731576,-0.412721054,0.018949082
0.073490963,-0.424977435,0.018916116
0.016250563,-0.423628331,0.018919905
0.02783959,-0.417851382,0.014377261
0.045483769,-0.375477148,0.018872073
0.054922464,-0.385728936,0.01894863
0.023230134,-0.410832966,0.018969795
0.064418924,-0.381994117,0.0188632
0.038351395,-0.381430288,0.018899999
0.057113847,-0.394899524,0.0189197
0.073516464,-0.41541558,0.018943789
0.078575494,-0.395316511,0.018891697
0.064448548,-0.387569647,0.018910935
0.032090489,-0.406860892,0.018962891
0.071539909,-0.390707427,0.018877384
0.06341756,-0.443158529,0.014419479
0.034090703,-0.427298472,0.018900344
0.040300256,-0.379745946,0.014363071
0.045348564,-0.373999945,0.018914748
0.032167334,-0.389995467,0.018917937
0.045390918,-0.43257971,0.014404483
0.025582266,-0.426357478,0.018926024
0.023938302,-0.437934262,0.01894055
0.073050733,-0.41708638,0.01895635
0.04248825,-0.40111886,0.018904366
0.047121148,-0.44214851,0.014405541
0.02917741,-0.403455552,0.014410016
0.070194009,-0.425253029,0.014384221
0.023277956,-0.422294672,0.018892998
0.025655628,-0.397033411,0.018948433
0.04566527,-0.441078328,0.019006232
0.072644196,-0.383698692,0.018974968
0.049090597,-0.374939382,0.018889466
0.010899021,-0.397379878,0.018936278
0.057039966,-0.378693522,0.014366078
0.043987745,-0.387721345,0.018908305
0.069094112,-0.400051311,0.018934574
0.059012856,-0.416811886,0.018899942
0.042319755,-0.441433678,0.018949382
0.062960834,-0.390150212,0.01442222
0.020027603,-0.438041575,0.018991542
0.066607459,-0.438925081,0.014424232
0.041953632,-0.370390916,0.01435778
0.018510005,-0.402213819,0.018986408
0.056501063,-0.384497698,0.018913774
0.048987552,-0.434432698,0.014427721
0.025632144,-0.436848375,0.018936104
0.061447949,-0.397460994,0.018904298
0.063602062,-0.393717764,0.014361893
0.015343622,-0.394541455,0.018908028
0.032798053,-0.420501183,0.018953375
0.058049788,-0.392353607,0.018908685
0.050470447,-0.447764735,0.014401783
0.074641831,-0.420318049,0.018909539
0.028656734,-0.416529505,0.018935659
0.01765051,-0.421629663,0.018912698
0.027462703,-0.425609635,0.018914555
0.071969923,-0.419710325,0.018904047
0.045203415,-0.383074237,0.014383511
0.063784897,-0.44368878,0.014401081
0.029064375,-0.401343853,0.014345495
0.056621738,-0.404747619,0.018920631
0.059762409,-0.405028953,0.018922554
0.052841451,-0.377830199,0.01891544
0.06613741,-0.420415717,0.018979743
0.078439705,-0.423448954,0.018901237
0.048522618,-0.420779271,0.018926185
0.042734691,-0.444877275,0.018965082
0.029654651,-0.37878327,0.018948741
0.046512623,-0.383340329,0.018913625
0.051010712,-0.415488824,0.01898627
0.034880612,-0.396581886,0.018886458
0.065110377,-0.437822496,0.018987792
0.054150913,-0.432074375,0.018942419
0.037942525,-0.438773033,0.018945603
0.031744489,-0.426932007,0.014376614
0.041581549,-0.422149122,0.018885516
0.074820442,-0.430262471,0.01893758
0.07579897,-0.388680883,0.018887273
0.044856341,-0.370838877,0.018928894
0.039861284,-0.403844944,0.018972083
0.043297727,-0.440596785,0.018953712
0.065401626,-0.44151415,0.014404076
0.051761411,-0.431808265,0.018865904
0.05758868,-0.440939296,0.018962965
0.074270735,-0.421624259,0.018907663
0.030224861,-0.417711072,0.018953046
0.051728924,-0.416088743,0.018925525
0.063428856,-0.379619344,0.018916384
0.06618631,-0.435243649,0.014429435
0.070928128,-0.400700514,0.014359881
0.015843464,-0.397575423,0.018896249
0.010058394,-0.406633533,0.018977193
0.067896876,-0.437398122,0.019013723
0.042088725,-0.380057531,0.014370024
0.044022263,-0.384119624,0.018939858
0.065996048,-0.400422836,0.014403914
0.072228073,-0.423101377,0.018925428
0.058025139,-0.391471551,0.018901374
0.070379545,-0.411446154,0.014414068
0.041882708,-0.431489744,0.018907975
0.022834779,-0.411143984,0.018946472
0.071607505,-0.421554862,0.01438308
0.034571973,-0.381135534,0.018899985
0.024374146,-0.441554652,0.014425683
0.074738054,-0.40782747,0.018973
0.07323783,-0.426841196,0.014383984
0.05697563,-0.39254577,0.018896338
0.043880265,-0.423064306,0.018930368
0.028158305,-0.391615001,0.018950492
0.06085609,-0.374696684,0.014382699
0.03583781,-0.410849078,0.018953417
0.03160117,-0.412746663,0.018952673
0.02413348,-0.395697388,0.018946679
0.071356369,-0.420859864,0.018983269
0.01972135,-0.394907796,0.01889813
0.074060529,-0.422388708,0.01439461
0.038979595,-0.376084094,0.014374135
0.050775165,-0.40432265,0.018910124
0.049245429,-0.44403089,0.01438633
0.049666,-0.411209987,0.018920477
0.036737169,-0.37699474,0.018909749
0.043240367,-0.420817123,0.014416292
0.0745838,-0.422958827,0.014409315
0.079457516,-0.394904297,0.018954534
0.049891792,-0.402173783,0.018907449
0.036325038,-0.377238654,0.018925821
0.039645155,-0.42615793,0.019024051
0.052761195,-0.381486269,0.014392307
