0.00971141,-0.315478488,0.001394884
0.050066272,-0.280073298,0.001348906
0.012731333,-0.286979899,0.001353584
0.032034072,-0.285421178,0.001351406
0.026620208,-0.264918345,0.001293246
0.008620519,-0.293963901,0.001387177
0.032708537,-0.289575225,0.001328239
-0.0032621,-0.287759247,0.001334373
0.010498185,-0.269671373,0.001350062
0.007438716,-0.314009471,0.001407399
0.039278833,-0.294165636,0.001332366
0.047390711,-0.315313161,0.00137438
0.059161782,-0.276825902,0.001360045
0.005587801,-0.308402337,0.001365053
0.039417464,-0.26597358,0.001343496
0.013034565,-0.326149795,0.001367197
0.058822994,-0.310304823,0.001332522
0.005629416,-0.26946694,0.001358326
0.003113642,-0.30200609,0.001393328
0.038518872,-0.270362818,0.001334583
0.069658281,-0.303594505,0.001371905
0.015363165,-0.307126171,0.001322295
0.051022525,-0.29413048,0.001297607
0.017757932,-0.32919367,0.001384105
0.002256899,-0.286760216,0.001346301
0.057596379,-0.315979709,0.001375461
0.060426526,-0.296169553,0.00132206
0.007154857,-0.29556531,0.001340167
0.031127352,-0.272189375,0.001343243
0.010016266,-0.317081966,0.001445124
-0.003390582,-0.303668445,0.001319225
0.032736152,-0.290849688,0.001313976
0.037658709,-0.311049035,0.001364252
0.03987976,-0.330203774,0.001400088
-0.001075412,-0.282188465,0.001355542
0.011036551,-0.32416923,0.001396614
0.043519955,-0.322475306,0.001346861
0.026586501,-0.274126463,0.001345548
0.00734048,-0.287559904,0.001353341
0.004575103,-0.305201925,0.001367362
0.063555611,-0.300750026,0.001360173
0.048413911,-0.270486878,0.001350509
0.034830381,-0.330562501,0.001385034
0.016538796,-0.307900352,0.001318773
0.043168108,-0.26458081,0.001360349
0.037728254,-0.28861993,0.001330885
0.045953018,-0.301788122,0.001335719
0.051109656,-0.264176265,0.001337693
0.01029801,-0.324162094,0.001388042
0.008350628,-0.276448713,0.001308567
0.064186442,-0.310296203,0.001384757
0.056053209,-0.287571728,0.001324733
-0.00309177,-0.305852147,0.001343239
0.017632634,-0.309616424,0.00138285
0.035336806,-0.292012227,0.00132484
0.043811065,-0.264833934,0.001322462
0.066816635,-0.276010347,0.001346235
0.060662983,-0.278208198,0.001338722
0.049837712,-0.314662623,0.001366466
0.041484003,-0.295938649,0.001336577
0.004993758,-0.318398854,0.001359749
0.019777818,-0.331149918,0.001344992
0.023215095,-0.300042128,0.001318212
0.0390694,-0.331724489,0.001365224
0.058184215,-0.274838094,0.001356634
0.055470755,-0.273797547,0.001323286
0.02863823,-0.26244301,0.001327565
0.028830681,-0.324993339,0.001396044
0.001115171,-0.310465628,0.001336012
0.055742293,-0.277695492,0.001383283
0.026906393,-0.311948284,0.001361774
0.009233348,-0.277261438,0.001312156
0.039616699,-0.281027035,0.001347908
0.068998857,-0.286376783,0.001341106
0.000614109,-0.286729777,0.001349503
0.049509856,-0.27495442,0.001319065
0.050402948,-0.272686812,0.00132327
0.030410167,-0.275919992,0.001331589
0.06028413,-0.319484589,0.001412604
0.047830318,-0.297863279,0.001358219
0.03655721,-0.32262268,0.001397846
0.042630086,-0.25869859,0.001387307
0.016309555,-0.267581757,0.001336404
0.008532181,-0.315430202,0.001429182
0.00732628,-0.300656477,0.001308482
0.044960266,-0.313728291,0.001345729
0.045871296,-0.261969503,0.001338606
0.032456557,-0.31961928,0.00134681
0.033560156,-0.325255518,0.001310698
0.056339086,-0.295446048,0.001342997
0.042761845,-0.274595586,0.001304454
0.04690757,-0.293432615,0.001355676
0.020908682,-0.27485184,0.001302553
0.023110956,-0.298179217,0.001371992
0.061554613,-0.271915221,0.001339952
0.050483593,-0.309105619,0.001377461
0.048001378,-0.294748405,0.001331784
0.028484824,-0.298618212,0.001338924
0.04395633,-0.304145363,0.001327867
0.037089434,-0.268864441,0.001324244
0.066246059,-0.311231964,0.001405106
0.027398806,-0.283971184,0.001328001
0.073720529,-0.29752751,0.001378487
0.05006798,-0.271723359,0.001322743
0.057909152,-0.291454869,0.001356217
0.020777419,-0.274468854,0.001319346
0.064188592,-0.319852818,0.00138668
0.030018729,-0.272089851,0.001336254
0.03570142,-0.289116439,0.001348253
0.067764688,-0.308174998,0.001381652
0.07008305,-0.286933592,0.00133128
0.023787892,-0.262956156,0.001299067
0.006503677,-0.306396468,0.001415717
0.022661955,-0.26334413,0.001332273
0.034046617,-0.290462705,0.001329259
0.024785468,-0.323528285,0.001363294
0.005621608,-0.303588806,0.001340338
0.063200423,-0.322837896,0.001345109
0.053125905,-0.26938942,0.001348275
0.064681966,-0.272082672,0.001321441
0.042502407,-0.259168668,0.001295119
0.025619361,-0.269277711,0.001366774
0.052834655,-0.289298522,0.001382044
0.001581246,-0.317238753,0.001387652
0.041732526,-0.304868796,0.001331154
0.014721258,-0.277291489,0.0013181
0.023596443,-0.268516042,0.00133208
0.027522868,-0.307505685,0.001407334
0.018116893,-0.300580039,0.001312331
0.010717497,-0.296715839,0.001344465
0.00914003,-0.302117702,0.001345357
0.044932695,-0.262478682,0.001318998
0.058828938,-0.27731494,0.001363255
0.011314082,-0.307422997,0.001370344
0.058366545,-0.302470077,0.001308099
0.061241753,-0.312883361,0.001352202
0.068606658,-0.283155727,0.001308416
0.006343292,-0.291562279,0.001355368
0.048378118,-0.306650384,0.001351435
0.071094596,-0.291472408,0.001311549
0.028979976,-0.269376629,0.00133684
0.028570836,-0.290200542,0.001328704
0.020916637,-0.331535599,0.001401231
0.069883716,-0.286377918,0.001347706
0.012592887,-0.276993242,0.001329649
0.043420103,-0.262933814,0.001324439
0.01058255,-0.273757407,0.001331005
0.027728837,-0.303801118,0.001390036
0.016408327,-0.291593301,0.001321039
0.010137244,-0.310058555,0.001366236
-0.001301904,-0.287076015,0.001311668
0.049477905,-0.301827786,0.001350623
0.001253253,-0.285385932,0.001304166
0.044699985,-0.272406112,0.001335447
0.069756857,-0.296228129,0.001350916
0.046710613,-0.324862938,0.00137979
0.045710936,-0.299188454,0.001338866
0.008729866,-0.292880192,0.001333464
0.039317293,-0.284018711,0.00136488
0.017663431,-0.304340056,0.001378766
0.019972216,-0.280939934,0.001329874
0.012045846,-0.275407562,0.001336778
0.026525867,-0.294763811,0.001360851
0.032307755,-0.323089141,0.001363813
0.029784325,-0.312564314,0.001328262
0.020374929,-0.274296183,0.001328722
0.013279379,-0.292090534,0.00133618
-0.003136701,-0.301530527,0.001351648
0.013875299,-0.270494084,0.001335775
0.046641199,-0.305836668,0.001389853
0.00696811,-0.300338514,0.001327376
0.058957229,-0.292329662,0.001309761
0.045053574,-0.273083897,0.00130316
0.012838776,-0.322250825,0.001374669
-0.003717841,-0.288867877,0.001316147
0.039600593,-0.325326496,0.001397153
0.041128564,-0.286665882,0.001337481
0.024728554,-0.280387125,0.001323836
0.037593961,-0.274592281,0.001327359
0.007036223,-0.295981765,0.001371228
0.059582199,-0.297695949,0.001340729
0.059215989,-0.325317884,0.001409671
0.026062396,-0.332649719,0.001366212
0.006562093,-0.303353012,0.001322053
0.02043562,-0.286576399,0.001353788
0.002557059,-0.29006197,0.001362375
0.070016799,-0.309530506,0.001379833
0.032457891,-0.268847371,0.001336498
0.051610678,-0.313538299,0.001434972
0.027902319,-0.31370898,0.001359903
0.051918022,-0.276375865,0.001360634
0.033895374,-0.302736661,0.001361034
0.052965523,-0.303072933,0.001337426
0.025318337,-0.27627068,0.001329172
0.042078869,-0.263234845,0.001324109
0.067135927,-0.318605291,0.001386765
0.0291118,-0.276413461,0.001341082
0.027016843,-0.281971573,0.001337434
0.062895518,-0.314256459,0.001397882
0.000608697,-0.311788581,0.001385229
0.034099256,-0.334279187,0.001383447
0.05813196,-0.265523411,0.001342372
0.024060671,-0.278122561,0.001341646
0.029389153,-0.311896985,0.001420512
0.016003095,-0.274615194,0.001319126
0.057690096,-0.30974019,0.001419758
0.03236125,-0.30485544,0.001370477
0.068342491,-0.284764787,0.001331306
0.045553059,-0.333448599,0.001426243
0.02428525,-0.305178968,0.001346865
0.008608162,-0.310450816,0.001336508
0.049670829,-0.32069833,0.00134018
0.0426499,-0.258954192,0.001346621
0.008593685,-0.273669032,0.001333574
0.040365705,-0.327451054,0.001419381
0.022755607,-0.281819072,0.001345395
0.039308328,-0.304449657,0.001358246
0.022614515,-0.260996054,0.001352188
0.033263644,-0.266495428,0.00133175
0.02088296,-0.312450592,0.001413214
0.034130858,-0.261017024,0.001353769
0.033114037,-0.337022056,0.001371961
0.005894275,-0.321768634,0.001359294
0.061301394,-0.300844457,0.001328521
0.021996027,-0.326192192,0.001375123
0.031366153,-0.310419206,0.001368979
0.004054122,-0.300292364,0.001318169
0.033225407,-0.279250965,0.001307085
0.04548134,-0.320700725,0.001414327
0.053585904,-0.287755482,0.001319256
0.037240166,-0.328079471,0.001410259
0.010425558,-0.282516361,0.001344565
0.055896491,-0.294143387,0.001352779
0.015468013,-0.307680333,0.001357287
0.019961941,-0.270860276,0.001309153
0.052859117,-0.286738483,0.001371034
0.041256326,-0.258785275,0.001317601
0.06502111,-0.318961218,0.001396839
0.033490659,-0.305037847,0.00135635
0.053973694,-0.301642662,0.001334002
0.026052261,-0.321536418,0.001351334
0.052321457,-0.327930537,0.001339878
0.03364017,-0.257669716,0.001345264
0.058892301,-0.304308198,0.001451393
0.06007323,-0.323421466,0.001359815
0.06788754,-0.311878652,0.001338256
0.006950483,-0.287661887,0.001379384
0.062207686,-0.307580067,0.001352007
0.036031264,-0.277613408,0.00133697
0.066822404,-0.3189816,0.001433419
0.021479983,-0.267269021,0.001359623
0.069979662,-0.290753201,0.001416716
0.041069689,-0.298797748,0.001342188
0.037167685,-0.324501867,0.001398672
0.046822276,-0.26315538,0.001357292
0.038162616,-0.273083993,0.001313537
0.050801135,-0.268446631,0.001296542
0.038736271,-0.276471527,0.001356324
0.050963267,-0.266124699,0.001341364
0.046268022,-0.261131892,0.001321962
0.038219578,-0.334394463,0.001388021
0.071775562,-0.292644764,0.00133868
0.016501854,-0.33185962,0.001386627
0.049820501,-0.328391268,0.001333698
0.039314199,-0.273714551,0.001348367
0.027104273,-0.307670091,0.001375956
0.041421435,-0.326986291,0.001341835
0.059120913,-0.279558956,0.001356586
0.034752172,-0.301348268,0.001336568
0.070833513,-0.287169114,0.001316618
0.035797986,-0.272509539,0.001325871
0.065891732,-0.298176864,0.001397058
0.031132631,-0.286544742,0.001330313
0.060858621,-0.286102029,0.001314051
0.054033058,-0.265107872,0.001307746
0.052682684,-0.269569534,0.001329802
0.019629779,-0.282291563,0.001318903
0.006643486,-0.304740323,0.001377567
0.025640308,-0.315730469,0.001322472
0.040686835,-0.302244939,0.001317352
0.014533141,-0.281773424,0.001325392
0.018775355,-0.273174615,0.001326995
0.056045757,-0.29642406,0.001362389
0.03299968,-0.270404566,0.001337266
0.032226928,-0.297848651,0.001367978
0.036777952,-0.336365035,0.0013979
0.042443191,-0.328643779,0.001331377
0.049448508,-0.282698507,0.001331187
0.008815818,-0.276400091,0.001334225
0.023173484,-0.330474015,0.001451807
0.027391419,-0.292624256,0.001328218
0.017318831,-0.29200163,0.00133036
0.010331025,-0.311227644,0.001356739
0.048290295,-0.312168626,0.001336428
0.025631583,-0.311766247,0.00133999
0.060411017,-0.268705428,0.001313748
-0.003525065,-0.309436001,0.001367037
0.026595596,-0.288896615,0.001315858
0.008974661,-0.27955319,0.001353371
0.04395516,-0.288129325,0.001324797
0.072182615,-0.299687598,0.001326807
0.008098638,-0.304664218,0.001332893
0.023938296,-0.301475323,0.001344281
0.034178712,-0.302213572,0.001329652
0.009987415,-0.313957765,0.001364601
0.043652365,-0.269516258,0.001329065
0.049293669,-0.303768966,0.001374149
0.023660706,-0.323673743,0.001366878
0.061480031,-0.308425655,0.00132413
0.043420811,-0.281053962,0.001335118
0.036950939,-0.28307836,0.001352762
0.050394711,-0.301473926,0.001368964
0.050528366,-0.281840431,0.001315751
0.015889133,-0.282441968,0.001345632
0.014066054,-0.285521791,0.00135154
0.037688681,-0.311864805,0.001377554
0.056752561,-0.305124114,0.001310226
0.025185419,-0.271574375,0.001334086
-0.002016251,-0.284687562,0.001310026
0.021435145,-0.273690499,0.00133077
0.005885184,-0.303600924,0.001373316
0.022106072,-0.268625833,0.001307142
0.065376906,-0.313198674,0.001393514
0.036312091,-0.262438847,0.001367169
0.042954803,-0.301682624,0.001409069
0.011719268,-0.317010296,0.001341766
0.072072279,-0.302874654,0.001364324
0.002593012,-0.312203483,0.0013702
0.065381644,-0.307780044,0.001382109
0.066204098,-0.284756049,0.001328507
0.061064634,-0.283338582,0.001354541
0.019124921,-0.303681118,0.001353964
0.002192495,-0.298178633,0.001330705
0.05641434,-0.285094824,0.001356307
0.04946895,-0.319027189,0.001376232
0.05388732,-0.321559769,0.001345199
0.030562872,-0.315397116,0.001335637
0.067671134,-0.282718687,0.001347699
0.009156214,-0.317268644,0.001393552
0.031243976,-0.260218631,0.001356018
0.031883858,-0.29630935,0.001396379
0.007677281,-0.311189071,0.001346275
0.01357969,-0.302244396,0.001339644
0.002037055,-0.316267461,0.001339794
0.016969052,-0.31317247,0.001314557
-0.000914801,-0.301366127,0.001317883
0.039235264,-0.31741977,0.001375366
0.013387916,-0.299679685,0.001329257
0.017293529,-0.265094148,0.001322344
0.038708383,-0.279549172,0.001335833
0.05092768,-0.275427011,0.001328164
0.044534499,-0.314385379,0.001396719
0.038901874,-0.266431147,0.001331914
0.012717877,-0.315954245,0.001415516
0.027021327,-0.289889447,0.001318917
0.03314342,-0.316777032,0.001380508
0.010656794,-0.28111099,0.001355421
-0.001005735,-0.285306742,0.00132154
0.068907804,-0.288425349,0.001383353
0.040526994,-0.329562901,0.001398006
0.055552975,-0.267305242,0.001352194
0.056906129,-0.318947221,0.001425
0.043829065,-0.299389788,0.001353997
0.067045369,-0.300733242,0.001361042
0.043654004,-0.258789194,0.001357781
0.038932288,-0.263169882,0.001334257
0.012884126,-0.313476824,0.001412124
0.013536926,-0.282918659,0.00136256
0.041376996,-0.309808356,0.001391694
0.050691053,-0.285630639,0.001338508
0.029548004,-0.282394009,0.001316585
0.044776756,-0.306613238,0.001390155
0.010423899,-0.271663321,0.001342601
0.007559482,-0.285485946,0.001358458
0.058191742,-0.320077867,0.001393504
0.034282316,-0.266497825,0.001351623
0.030708898,-0.28423047,0.001362642
0.06417653,-0.307291306,0.001357422
0.010221741,-0.32340397,0.001363448
0.064045811,-0.314921241,0.001359014
0.054309102,-0.316597761,0.001345134
0.04516878,-0.302278761,0.00135712
0.025736745,-0.30148852,0.00131813
0.032243159,-0.30923264,0.001349102
0.036116268,-0.284044561,0.001342839
0.043246114,-0.287822812,0.001338527
0.037834052,-0.29654335,0.001352087
0.03983678,-0.313580287,0.001349738
0.011903574,-0.321680703,0.001362834
0.02833343,-0.294418294,0.001346606
0.058557554,-0.304940099,0.001358706
0.021394361,-0.274441539,0.001353092
0.001034058,-0.317830515,0.001381508
0.035487514,-0.310612317,0.001331268
0.051238724,-0.271526897,0.001324975
0.065376748,-0.303419731,0.001373523
0.06277966,-0.287036274,0.001356514
0.044758047,-0.309061166,0.001381736
0.055155333,-0.30061826,0.001334724
0.045224176,-0.304578808,0.001314511
-0.005009884,-0.296964131,0.001307359
0.060234496,-0.29999597,0.001373097
0.057951717,-0.318196764,0.001347721
0.001652925,-0.300140604,0.001329299
0.048786564,-0.298290178,0.001312859
0.036486996,-0.291628611,0.001328867
0.062956915,-0.3067579,0.001357387
0.068719985,-0.285811952,0.001324704
0.001303977,-0.289672982,0.001354456
0.063200374,-0.282644201,0.001355661
0.009597822,-0.323928726,0.001375259
-0.000502063,-0.292142063,0.001367453
0.044878665,-0.303980819,0.001341483
0.063232428,-0.284902971,0.00134149
0.035642949,-0.27106466,0.001329218
0.024917593,-0.282566763,0.001326414
0.03611468,-0.284870845,0.001343676
0.031836501,-0.294076969,0.001347249
0.03217446,-0.302686462,0.001351705
0.010681771,-0.268898481,0.001358206
-0.002359009,-0.300189776,0.001373262
0.018408449,-0.286267938,0.001370963
0.013245608,-0.306011312,0.001349826
-0.000686744,-0.312977535,0.001337208
0.014611288,-0.28608458,0.001352521
0.009508367,-0.320583759,0.001412902
0.007090318,-0.317800711,0.001372272
0.068606829,-0.280641058,0.001337248
0.053378355,-0.286779337,0.001334455
0.032354196,-0.335512014,0.001438552
0.044480846,-0.280417848,0.001359001
0.02568556,-0.306740707,0.001374562
0.061287672,-0.296952104,0.001313663
0.034379852,-0.290131832,0.001330195
0.020058086,-0.26853801,0.001343232
0.066737389,-0.318336958,0.001381308
0.05315515,-0.300314028,0.001326118
0.044716059,-0.319639976,0.001358167
0.000142261,-0.292053922,0.001316698
0.049668905,-0.310419429,0.001373532
0.047263866,-0.32636481,0.001372308
0.025774433,-0.289042325,0.001356551
0.030915552,-0.330443474,0.001398596
0.035950554,-0.287599477,0.001346819
0.011771906,-0.286394569,0.001343908
0.02587913,-0.284515195,0.001332456
0.018653524,-0.326439976,0.001415635
0.052307717,-0.327327067,0.00133134
0.042943633,-0.285613714,0.001345218
0.047319108,-0.302190674,0.001374531
0.01501022,-0.273776847,0.001333232
0.071949952,-0.306011499,0.001370483
0.034386039,-0.312561135,0.00132995
0.026248361,-0.278325186,0.001353273
0.05512344,-0.274003392,0.00134476
0.030489696,-0.2657071,0.001322381
0.057154776,-0.308771333,0.001410073
0.010366088,-0.32145615,0.001329138
0.042365879,-0.308087784,0.001326168
0.032933929,-0.281318613,0.001324735
0.05402137,-0.266292702,0.001307641
0.012799268,-0.268727597,0.001331821
0.020855263,-0.321939269,0.001432384
0.036720077,-0.259839689,0.001349106
0.055044007,-0.274564863,0.001358475
0.02041791,-0.315603052,0.001378717
0.05615921,-0.319645041,0.001355643
0.04484989,-0.330936642,0.001356717
0.061090281,-0.293192323,0.001336226
0.015919465,-0.302840738,0.001335466
0.041026178,-0.329913062,0.001370626
-0.004901472,-0.299254029,0.00136063
0.002700311,-0.297884859,0.001312208
0.004057217,-0.27162534,0.00130421
0.038190801,-0.263456995,0.001313446
0.009300401,-0.29099821,0.00136828
0.045794148,-0.311212732,0.001378978
0.00806561,-0.27651823,0.001331391
0.031606113,-0.321549415,0.001411929
0.064783314,-0.28003546,0.001311894
0.069158939,-0.300324446,0.001375067
0.052120325,-0.300390679,0.001337082
0.060578152,-0.303198607,0.001311566
0.062415822,-0.276142884,0.001330449
0.018883828,-0.333208777,0.001375229
0.016557553,-0.326931546,0.001386904
0.054957957,-0.309668875,0.001335282
0.01711618,-0.308103541,0.001348627
0.043869239,-0.280494139,0.001321645
0.014688724,-0.319598838,0.001370863
0.017633859,-0.30089216,0.001365518
0.006150627,-0.323255184,0.00133927
0.061519577,-0.318928407,0.001305481
0.02784564,-0.259689129,0.001352573
0.059786882,-0.294805196,0.001385193
0.026507055,-0.32461496,0.001388987
0.003534651,-0.274101909,0.00134132
0.039971762,-0.330131926,0.001372811
0.018176248,-0.33007971,0.001321256
0.018466907,-0.31635539,0.001343516
0.041925846,-0.286686873,0.001345898
0.04575288,-0.295151005,0.001327188
0.024810809,-0.331015559,0.00138453
0.016572686,-0.295870524,0.001350603
0.059600978,-0.267436005,0.001318315
0.012019907,-0.275030046,0.001320274
0.003524479,-0.309306113,0.001379075
0.021780793,-0.278912755,0.001334681
0.005802279,-0.295438555,0.001354603
0.012370804,-0.300035801,0.001338516
0.002039383,-0.306716981,0.00136159
0.019406585,-0.319473602,0.001351425
0.035107825,-0.29005238,0.001339264
0.015207128,-0.327468901,0.001383358
0.00613768,-0.320560898,0.00134814
0.015918037,-0.264190231,0.001404922
0.035995643,-0.313911579,0.00144919
0.00375354,-0.274068765,0.001355789
0.011532945,-0.278287936,0.00133083
0.0569519,-0.301310155,0.001351232
0.017244983,-0.324715736,0.001371288
0.04922484,-0.31591979,0.001345634
0.042178408,-0.268583671,0.001337242
0.058814787,-0.275015508,0.001325788
0.018856904,-0.28181295,0.001344438
0.04331729,-0.301662341,0.001361461
0.006621371,-0.273271042,0.001329229
0.052137322,-0.318768858,0.001399154
0.044314312,-0.268855567,0.00135272
0.067582066,-0.284180751,0.001361302
0.052638707,-0.29939361,0.001374581
0.028548952,-0.335638212,0.001384571
0.01173545,-0.277582988,0.001356747
0.036334311,-0.285575432,0.001344738
0.017825372,-0.305155072,0.001371989
0.054495705,-0.311404263,0.001338572
0.022478651,-0.309215781,0.001358167
0.033754512,-0.332686861,0.001398043
0.031932683,-0.269365192,0.001385376
0.007139941,-0.284634385,0.001344122
0.045508496,-0.2821705,0.001347076
0.029680313,-0.334213511,0.001398824
0.00514934,-0.322475737,0.001358351
0.019314019,-0.323634384,0.001338395
0.048145709,-0.274365074,0.00133137
0.034370618,-0.310276209,0.001353456
0.02665537,-0.331963077,0.001340768
0.028058692,-0.259206409,0.00135457
0.035495483,-0.27684587,0.001364381
0.031094608,-0.294113747,0.001345876
0.070413914,-0.302028548,0.00136384
0.01910111,-0.297803679,0.001328422
0.039160906,-0.273612492,0.001320124
-0.00101318,-0.288472939,0.001335081
0.029052459,-0.262497396,0.001336095
0.032437069,-0.320956778,0.001381836
0.070257919,-0.313502142,0.001318884
0.02825059,-0.320744995,0.001326133
0.025583768,-0.288931706,0.001328001
0.0196237,-0.288142576,0.001330832
0.07335596,-0.291484192,0.001362802
0.005252282,-0.296215001,0.00137876
0.020899565,-0.321216956,0.001383969
0.058028311,-0.315331537,0.001368896
0.054695363,-0.289858282,0.001347652
-0.004578757,-0.300743463,0.001351572
0.01165621,-0.271920376,0.001314307
0.036904501,-0.259529391,0.001306213
0.050942228,-0.264249061,0.001334372
0.047919002,-0.319565599,0.001411705
0.067389968,-0.302379149,0.001320797
0.030188942,-0.284927336,0.001320683
0.044171376,-0.30522631,0.001359181
0.058701738,-0.310831249,0.00135344
0.054559468,-0.310618926,0.001325424
0.063894913,-0.293241638,0.001346503
0.00037808,-0.31624417,0.001389706
0.009838118,-0.309804924,0.001352239
0.038781267,-0.290489793,0.001333031
0.044728451,-0.305974794,0.001359757
0.058365717,-0.307107891,0.001346075
0.059750669,-0.306612235,0.001329928
0.017287506,-0.272019303,0.001312572
0.038708371,-0.288902308,0.001313212
0.056734538,-0.32983472,0.001386263
0.017224261,-0.26717327,0.00138097
0.055153133,-0.289875088,0.001367489
-0.001601947,-0.292419879,0.00131206
0.019140185,-0.330015068,0.00140069
0.068231784,-0.283742419,0.001386124
0.032881727,-0.299522791,0.001324573
0.033513665,-0.315529522,0.00135171
0.038781628,-0.30397286,0.001346207
0.044756667,-0.292327628,0.001315658
0.037929519,-0.308398086,0.00133161
0.014515285,-0.270057491,0.001327033
0.009199229,-0.290380074,0.001383982
0.009918507,-0.288068668,0.001310518
0.041464871,-0.274477806,0.001319321
0.062644057,-0.300401082,0.001354143
0.061192632,-0.312707708,0.001374543
0.018264222,-0.29521706,0.001348229
0.064875785,-0.300927282,0.001387389
0.012656668,-0.268181544,0.001333301
0.035919193,-0.278599837,0.001337634
0.036580258,-0.279786732,0.00133382
0.002555254,-0.305445965,0.001373876
0.041955367,-0.299028625,0.00133905
0.058496628,-0.318089275,0.001345251
0.022575671,-0.319783623,0.001341355
0.064872344,-0.308879353,0.001339073
0.021718127,-0.292464863,0.00132927
0.010683372,-0.315170982,0.001391073
0.023812242,-0.323295371,0.001337003
0.036216564,-0.289744111,0.001352537
0.031019389,-0.270004001,0.001316388
0.020852556,-0.275519597,0.00132955
0.047990342,-0.315337196,0.001420816
0.058095043,-0.324268374,0.00136047
0.004246209,-0.298375219,0.001332582
0.035973295,-0.328655039,0.001397182
0.053385809,-0.294781338,0.001343446
0.050954358,-0.300614413,0.001363602
0.01913405,-0.312596561,0.001377078
0.037829802,-0.275311947,0.001325998
0.063553117,-0.27286555,0.001330956
0.008201973,-0.309019509,0.001363582
0.031977129,-0.301606677,0.001316122
0.054546233,-0.282061519,0.001324773
0.034471457,-0.268860626,0.001340924
0.025106462,-0.277583697,0.001337806
0.026787851,-0.284334553,0.001338513
0.04673279,-0.322896582,0.001405073
0.044443434,-0.2835824,0.001319779
0.020713187,-0.288300236,0.001305252
0.033653224,-0.312437293,0.00139661
0.007911428,-0.290658915,0.001344935
0.067857595,-0.284533038,0.001361075
0.034208555,-0.300916195,0.001353412
0.026457928,-0.270377885,0.001328604
0.069910306,-0.287035092,0.001332489
0.061087898,-0.278326438,0.001312814
0.026471981,-0.262519548,0.001337333
0.065833342,-0.318218195,0.00138108
0.011629416,-0.279350476,0.001346193
0.048523699,-0.275525498,0.001339519
0.041758839,-0.309599351,0.001382991
0.069729129,-0.280047138,0.001342414
0.009222912,-0.299214218,0.001359159
0.009065112,-0.273058154,0.001334458
0.031522063,-0.257925353,0.001297785
0.029127827,-0.292108427,0.001389733
0.006898733,-0.312237071,0.001371679
0.001688398,-0.2785338,0.001330606
0.056940021,-0.278140141,0.001320221
0.056620919,-0.280560321,0.001346699
0.050701531,-0.300719371,0.00138127
0.014618879,-0.30918254,0.001339701
0.006386753,-0.300166053,0.001331239
0.020881005,-0.310749561,0.001336796
0.011421827,-0.317825649,0.001355846
0.009115369,-0.285284006,0.001364453
0.068351759,-0.284317117,0.001349539
0.046485236,-0.316061324,0.001358189
0.02248716,-0.279794723,0.001342713
0.051128588,-0.272475067,0.00131757
0.051639227,-0.311581494,0.001392892
0.060066114,-0.298111196,0.001346525
0.068186988,-0.295588777,0.001333831
0.009487746,-0.307557683,0.001366356
0.029855671,-0.301368745,0.001336892
0.029990422,-0.277987138,0.001333791
0.04103061,-0.334057605,0.001387863
0.032046894,-0.272127518,0.001361973
0.036328101,-0.259698154,0.001318604
0.046530735,-0.284213495,0.001350387
0.051914186,-0.276277232,0.001366213
0.043331264,-0.333784644,0.001385156
0.046829279,-0.300403592,0.001330958
0.055070545,-0.3194422,0.001362164
0.01321544,-0.319169387,0.00131264
0.032692449,-0.260291963,0.001341767
0.023213837,-0.292802966,0.001364194
0.046665362,-0.312389567,0.001338252
0.04724917,-0.262855065,0.001368404
0.040272686,-0.305642943,0.001402349
-0.001430136,-0.298351699,0.001349033
0.057955043,-0.284916724,0.001363032
0.000196731,-0.280037633,0.001337247
0.055591337,-0.282589703,0.001353283
0.050797351,-0.282062146,0.001350538
0.0247361,-0.290880572,0.001314877
0.033580542,-0.327897338,0.001404286
0.015207517,-0.269735165,0.001389687
0.030408934,-0.269697176,0.001319132
0.059910427,-0.28145489,0.001335624
0.030486127,-0.290191803,0.001344199
0.030585199,-0.326437391,0.001403378
0.047646094,-0.275313044,0.001373474
0.050452764,-0.265604641,0.001321039
0.01556668,-0.280176212,0.001337172
0.006218572,-0.31781096,0.00137967
0.031014772,-0.273706625,0.001332293
0.001569595,-0.308961294,0.00137173
0.016935065,-0.297514967,0.001360353
0.028337286,-0.271893665,0.00131676
0.055183511,-0.324617233,0.001389804
0.052231797,-0.263825222,0.001350396
0.057762998,-0.301510533,0.001372457
0.057962465,-0.270006741,0.001309772
0.054514508,-0.272351871,0.00132439
0.073614121,-0.295193942,0.001348991
0.034947067,-0.329599521,0.001373859
0.009403101,-0.275198315,0.001355122
0.059039645,-0.316922537,0.001389777
0.004226787,-0.299590081,0.001306803
0.0199136,-0.317310809,0.001357789
0.046991895,-0.306128431,0.001326973
0.011492457,-0.328820561,0.001362119
0.054899078,-0.312479922,0.001349629
0.058301652,-0.311716438,0.001334314
0.059457062,-0.317053957,0.001365087
0.017647586,-0.297511203,0.001334432
0.01328219,-0.306358655,0.001363335
0.010384429,-0.297703947,0.001342238
0.038068629,-0.292705473,0.001327949
0.051139413,-0.289312759,0.001317255
7.78E-05,-0.296767699,0.001340747
0.047217876,-0.317399777,0.001351237
0.054939036,-0.290029508,0.001305401
0.006243928,-0.27405936,0.001332106
0.016659765,-0.319864108,0.001454385
0.040513852,-0.274324417,0.001344316
0.030606304,-0.26500753,0.001304023
0.059817555,-0.299508918,0.001401576
0.066844139,-0.309049943,0.001334188
0.022081976,-0.327998219,0.001341444
0.026533623,-0.275936425,0.001375113
0.033409575,-0.275021933,0.001343702
0.033392902,-0.285834774,0.001356404
0.013623904,-0.28585582,0.001323931
0.071507183,-0.304818352,0.001393081
0.04224835,-0.287184334,0.001305353
0.037933463,-0.323606698,0.001401934
0.031446393,-0.293423941,0.001315443
0.051906467,-0.300399903,0.001352535
0.0529901,-0.322742109,0.001370169
0.006521841,-0.27980467,0.001361306
0.00405429,-0.313442726,0.001394211
0.035358923,-0.28385779,0.001342971
0.015843569,-0.290213436,0.001316463
0.018180706,-0.300257028,0.001327687
0.055754321,-0.271213286,0.001296535
0.045758784,-0.288720272,0.001337798
0.010738447,-0.273044449,0.001319947
0.046160337,-0.320100315,0.001376029
0.040023425,-0.297682392,0.001325377
0.031518984,-0.330897652,0.001341981
0.039489266,-0.329706836,0.001343493
0.013984388,-0.278377631,0.001354882
0.04810628,-0.281100645,0.001322353
0.025912806,-0.31502626,0.001383053
0.006330003,-0.293761453,0.001320056
0.036889994,-0.279064575,0.0013262
0.010936954,-0.324230849,0.001401213
0.053867912,-0.301818059,0.001323959
0.001990671,-0.29839472,0.001287358
0.006834608,-0.326212424,0.00137088
0.037028457,-0.265613987,0.001374041
0.03140888,-0.294424459,0.001390996
0.051624079,-0.289193496,0.001325171
0.027159705,-0.284725631,0.001338632
0.043214456,-0.265545796,0.001336566
0.024728536,-0.28197509,0.001348414
0.065771845,-0.31232128,0.001376573
0.010081303,-0.282502915,0.001338142
0.006211755,-0.295385794,0.001328328
0.042749157,-0.32586041,0.00137707
0.008770965,-0.298906733,0.001334544
0.012762642,-0.265835432,0.001356589
0.026188054,-0.317966361,0.001432895
0.070966152,-0.285666951,0.001336034
0.042154684,-0.287359498,0.001350986
0.06900513,-0.281037944,0.001333621
0.041331273,-0.2633932,0.001293106
0.035837189,-0.313494042,0.001411021
0.043159199,-0.311202369,0.00134508
0.000762932,-0.289856986,0.001312116
0.033283891,-0.301092563,0.001361147
0.066804786,-0.298397557,0.001327693
0.002795619,-0.308541345,0.001371739
0.01572679,-0.298277367,0.001333901
0.068741109,-0.305205004,0.001331987
0.053926773,-0.281774456,0.001322831
0.011923868,-0.312508234,0.001394738
0.050052254,-0.311110292,0.001368522
0.044703404,-0.314474871,0.001326244
0.025380176,-0.292261731,0.001340747
0.044142659,-0.276546227,0.001338092
0.001871003,-0.282303084,0.001343043
0.029680991,-0.295962,0.001344796
0.063732211,-0.278538077,0.001338374
0.052494388,-0.293356632,0.001337249
0.02375722,-0.30245045,0.001344836
0.046800908,-0.260435237,0.001359373
0.057987803,-0.307633938,0.001450151
0.066096754,-0.299702182,0.001327596
0.058671546,-0.317963304,0.001379318
0.028392446,-0.310998372,0.001351859
0.037619856,-0.259805653,0.001346228
0.025924541,-0.295213816,0.001363683
0.016218045,-0.287214453,0.001314063
0.059021991,-0.312769559,0.001385772
0.070843961,-0.282274847,0.001327007
0.066202374,-0.30753586,0.001374153
0.048614212,-0.302023718,0.001319113
0.019801086,-0.32698734,0.001328026
0.052473897,-0.319092866,0.001343784
0.015244444,-0.298224552,0.001320294
0.049385286,-0.28925308,0.001337774
0.030981403,-0.316132334,0.001391147
0.035206974,-0.275867906,0.001302274
0.034854027,-0.259931724,0.001303687
0.043707838,-0.259500258,0.001317182
0.017132647,-0.327502758,0.001424239
0.036777437,-0.258698977,0.001381085
0.052870771,-0.261957987,0.001290734
0.063619682,-0.291105408,0.001384569
0.044616026,-0.262557892,0.001314244
0.056997223,-0.279453145,0.001395336
0.004848119,-0.270828737,0.001337412
0.03962274,-0.334835628,0.001385705
0.058062478,-0.302977276,0.001335707
0.031214493,-0.272656805,0.001329316
0.048319324,-0.266982046,0.001304951
0.006932628,-0.310965194,0.001368169
0.006387187,-0.279682612,0.001352043
0.049546001,-0.297389752,0.001381382
0.010392147,-0.325710679,0.001360178
0.017275147,-0.263411549,0.001347447
-0.00011609,-0.303756386,0.001396316
0.045950533,-0.335129353,0.001400394
0.043242465,-0.328014138,0.001345889
0.056583871,-0.266333243,0.001351729
0.050116302,-0.284510453,0.00135745
0.036724363,-0.333043265,0.001407075
0.061128465,-0.291754382,0.001316812
0.055517784,-0.269855495,0.001334368
0.013365244,-0.328095899,0.001378905
0.035539957,-0.270064843,0.001346195
0.050089208,-0.296807438,0.001382626
0.020582497,-0.318085531,0.001336821
0.034624195,-0.270363423,0.001340913
0.040664021,-0.292823453,0.001375014
0.020906498,-0.262747608,0.001340921
0.009023362,-0.317312804,0.001422142
0.052510014,-0.26944,0.001354443
-0.003766367,-0.291885701,0.001377937
0.051466707,-0.294310906,0.001341592
0.044766964,-0.32470894,0.001390928
0.042754677,-0.33272178,0.001342927
0.023824336,-0.282807071,0.001365383
0.006206408,-0.291280183,0.001324344
0.036017493,-0.305254384,0.001372226
0.04714382,-0.287191079,0.001322151
0.042521794,-0.279733859,0.001336022
0.009600317,-0.272993979,0.001300351
0.050990142,-0.311536801,0.001374282
0.022993609,-0.275779722,0.00130332
0.05696773,-0.30575839,0.001371551
0.05931919,-0.301294414,0.001359613
0.017576782,-0.317136829,0.001347542
0.039680218,-0.267291896,0.001358658
0.04651055,-0.287636335,0.001354976
0.042038724,-0.330759549,0.001403651
0.033527635,-0.272998448,0.001347507
0.03643149,-0.312119512,0.001383316
0.00165125,-0.294471654,0.00134827
0.061083568,-0.316494276,0.001403884
0.027638957,-0.3161171,0.001351492
0.017621586,-0.332973237,0.001366263
0.013907336,-0.310098481,0.001327961
0.057265666,-0.265152934,0.00136832
0.056030712,-0.297699724,0.001390676
0.053258071,-0.267113441,0.001324287
0.002911259,-0.273425729,0.001306937
0.01027845,-0.303870887,0.001378337
0.022304301,-0.279762747,0.001309288
0.028568892,-0.300040196,0.001362319
0.06444161,-0.291853275,0.001353148
0.049846308,-0.261021012,0.00135054
0.014720296,-0.29351886,0.001364776
0.009122646,-0.299710315,0.001320325
0.023618642,-0.260344635,0.0013398
0.047976636,-0.288189683,0.00135798
0.048111776,-0.311726456,0.001361694
0.034173429,-0.28998642,0.001349557
-0.004042865,-0.29210144,0.001311669
0.066101546,-0.317823134,0.001394855
0.0635356,-0.311261337,0.001354673
0.005945924,-0.295477225,0.001328871
-0.000553926,-0.279508948,0.00132241
-0.000236017,-0.314958387,0.001381519
0.010271103,-0.307952463,0.001365517
0.054974517,-0.291632303,0.001333263
0.006234918,-0.30566413,0.001325402
0.042681648,-0.334006344,0.001393281
0.012603999,-0.324060154,0.001325425
0.045692483,-0.306763479,0.001331286
0.000222467,-0.304763449,0.001333727
0.032481311,-0.25864335,0.001339774
0.06170966,-0.294313346,0.001376215
0.060268739,-0.287433862,0.00133772
0.012856146,-0.316998359,0.001361771
0.029094975,-0.327021485,0.001358487
0.040307281,-0.267251726,0.00136171
0.057945676,-0.268825908,0.001345776
0.006248626,-0.287078074,0.001354949
0.017201269,-0.32717797,0.001403952
0.046067227,-0.285845424,0.001331503
0.053235642,-0.3320484,0.001421126
0.02314124,-0.310093158,0.001330856
0.029261658,-0.27238923,0.001326672
0.071584966,-0.287053501,0.001341224
0.042697367,-0.283556111,0.001344748
0.068277729,-0.277734426,0.00135628
0.054827363,-0.267672533,0.001302364
0.031330791,-0.274376121,0.00132875
0.054283783,-0.305952995,0.001395185
0.040013283,-0.266493849,0.001344992
0.037624123,-0.301572755,0.001395985
0.058612734,-0.309279919,0.001358649
0.037714556,-0.320271203,0.001357876
0.0562791,-0.310200875,0.001334777
0.03694476,-0.270414135,0.001339509
0.025592307,-0.258620572,0.001318369
0.038881283,-0.301035207,0.001408139
0.014023644,-0.26670299,0.001340208
0.057842828,-0.329471475,0.001406878
0.031762797,-0.334382893,0.001369518
0.046917158,-0.330110009,0.001342539
0.034409095,-0.311592728,0.001329804
0.030720959,-0.328188065,0.001375284
0.029516306,-0.259407536,0.001343565
0.024235799,-0.310273525,0.001440735
0.041432746,-0.310886612,0.001334172
0.048315587,-0.316899885,0.00135377
0.041836514,-0.27070332,0.001347768
0.045099195,-0.259035906,0.00133252
0.032191655,-0.270998466,0.001325791
0.047750185,-0.278356411,0.001369948
0.022738717,-0.28229551,0.001329111
0.070219545,-0.293568432,0.001338709
0.023786939,-0.296959801,0.00132519
0.056165717,-0.292447804,0.00134056
0.045981151,-0.328465903,0.001393877
0.032756401,-0.267373577,0.001357977
-0.000181749,-0.284670855,0.001349274
0.032224447,-0.303746184,0.001363245
0.059139792,-0.309634577,0.001363836
0.020065765,-0.318157102,0.001339759
0.069469676,-0.307462758,0.001328081
0.022688328,-0.289209127,0.001350888
0.014527482,-0.321808663,0.001373107
0.03697954,-0.257823995,0.001334433
0.030503979,-0.333041479,0.001401522
0.066874133,-0.276777973,0.001351391
0.01036025,-0.26667924,0.001320512
0.058015891,-0.304150838,0.001392047
-0.000230016,-0.29927581,0.001326987
0.046341228,-0.279328441,0.001322479
0.015688014,-0.317713104,0.001375594
0.039531184,-0.275902012,0.001374751
0.039361709,-0.27433565,0.00131473
0.020206402,-0.290598977,0.001339645
0.064259601,-0.287076227,0.001336703
0.043177989,-0.280860449,0.001336377
0.03437154,-0.330284663,0.001456997
0.047507288,-0.312703652,0.001340916
0.063591065,-0.316903407,0.001322957
0.063391639,-0.29363566,0.001329261
0.009626092,-0.319508531,0.00136482
0.029860949,-0.304932453,0.001325977
0.051738899,-0.26619295,0.001330837
0.025563365,-0.306904339,0.001369476
0.059020263,-0.313766094,0.001344917
0.027001913,-0.266176009,0.001361435
0.04477882,-0.276891221,0.001329383
0.014938128,-0.287312977,0.001321801
0.030374724,-0.261846101,0.001343039
0.04354841,-0.313478395,0.00144041
-0.001119941,-0.296496469,0.001321535
0.030776936,-0.331933302,0.001366106
0.037105222,-0.276269787,0.001378808
0.037630173,-0.325156481,0.001402602
0.043228942,-0.259575431,0.001360192
0.010037416,-0.321281046,0.001373397
0.027023965,-0.319959492,0.001325097
0.030287036,-0.272422359,0.001368622
0.028683781,-0.279383523,0.001349971
0.012186613,-0.280977156,0.001335929
0.065205736,-0.27316491,0.001339514
0.029281756,-0.270474659,0.001332362
0.034646152,-0.305760673,0.001402609
0.05312314,-0.319210486,0.001332973
0.030305831,-0.307073544,0.001329327
0.018630471,-0.277121024,0.001336405
0.005770311,-0.3084078,0.00137343
0.01934173,-0.267431577,0.001347474
0.073674377,-0.294190056,0.001364577
0.053406544,-0.320754911,0.001355337
0.022092916,-0.324893598,0.001343802
0.024909263,-0.333317519,0.001331578
-0.001818574,-0.302569647,0.001347411
0.046835859,-0.274911676,0.001343527
0.029354504,-0.297918718,0.0013537
0.009202624,-0.2912603,0.001357863
0.04347279,-0.32093106,0.001411651
0.017829838,-0.291017595,0.001329368
0.012409944,-0.299076856,0.00134654
0.023654603,-0.316689013,0.001356493
0.024829126,-0.314837183,0.001332535
0.039539676,-0.327052215,0.001393554
0.047596517,-0.293361485,0.001329514
0.061117818,-0.289314393,0.001346279
0.043523882,-0.279276752,0.001330471
0.063339507,-0.306210748,0.001379854
0.05591887,-0.306381706,0.00135455
0.01565089,-0.320543374,0.001338346
0.032774211,-0.331006363,0.001334696
0.056676732,-0.312821789,0.001350922
0.026169679,-0.306136733,0.001364374
0.052067369,-0.33027621,0.001346454
0.045001503,-0.289954948,0.001315359
0.06774873,-0.306173265,0.001347578
0.049380278,-0.260791267,0.00134174
0.017660571,-0.292481432,0.001349862
0.032635735,-0.321608263,0.001364102
0.049690439,-0.261971178,0.001367698
0.060861832,-0.322456575,0.001377889
0.003175079,-0.302847603,0.001349124
0.052628587,-0.270983822,0.00131507
0.044904494,-0.297558129,0.001361639
0.052555483,-0.28257089,0.001325008
0.021296336,-0.265083498,0.001340062
0.049314148,-0.270642498,0.001309742
0.011233608,-0.265495425,0.001314129
0.027630043,-0.296679287,0.001376499
0.053692532,-0.304913593,0.001363542
0.034681492,-0.28768399,0.001325561
0.020356236,-0.27706002,0.00130964
0.003243093,-0.296917835,0.001356281
0.030075307,-0.311965666,0.001316234
0.033553047,-0.295220609,0.001348465
0.039804835,-0.271357102,0.00132559
-0.003092365,-0.289537551,0.001346372
0.031141218,-0.313192725,0.001376145
0.069067608,-0.282784506,0.001338379
-0.004983314,-0.301160429,0.001405633
0.064767386,-0.293831552,0.001385565
0.060045727,-0.279628353,0.00133607
0.057637256,-0.298194155,0.001371973
0.034390793,-0.323189666,0.00134654
0.028784003,-0.26795823,0.001394129
0.035544432,-0.258042449,0.001300793
0.023986334,-0.323134587,0.001394978
0.043083123,-0.290630504,0.001325914
0.018765958,-0.294943611,0.001343741
0.051110457,-0.270727493,0.001332863
0.015296807,-0.266489225,0.001328592
0.024436342,-0.264060349,0.00134907
-0.000506114,-0.281512865,0.001334554
0.060887861,-0.27832899,0.001366113
0.005725327,-0.308590535,0.001397454
0.033982361,-0.323345783,0.00135021
0.004009287,-0.296000273,0.001312301
0.005041273,-0.288374876,0.001331329
0.009768854,-0.272913468,0.001319039
0.026123572,-0.310935227,0.001382184
0.0475689,-0.272433999,0.001355678
0.034727696,-0.277471225,0.001343749
0.026923336,-0.289031598,0.001345081
0.015174672,-0.272457605,0.001335179
0.016466482,-0.273303565,0.001339917
0.001042904,-0.312818139,0.001395534
0.027692438,-0.260689348,0.001380924
0.04894938,-0.264848804,0.001317333
0.037357598,-0.271442986,0.001326366
0.024656587,-0.335428962,0.001373401
0.02389984,-0.289489576,0.001370951
0.010820759,-0.293063799,0.0013178
0.060081027,-0.296675805,0.001346678
0.017026016,-0.307613166,0.001355053
0.054059623,-0.283277821,0.001338813
0.037831597,-0.275112849,0.001339412
0.057814422,-0.269154394,0.001313688
0.046486243,-0.30403963,0.001403159
0.035934563,-0.328651513,0.001396325
0.032922689,-0.283360059,0.001373319
0.020489998,-0.295845422,0.001347802
-0.002519912,-0.298588428,0.001357377
0.055209568,-0.274726321,0.001371489
0.026776279,-0.298521461,0.001367841
0.031185498,-0.3218794,0.001351555
0.053499275,-0.267019923,0.001350619
0.062594541,-0.314297024,0.001426768
0.014062452,-0.307440791,0.00131574
0.061234658,-0.313676132,0.001350301
0.038349402,-0.283731671,0.001334712
0.0080582,-0.315578569,0.001389259
0.059352814,-0.322622517,0.001330583
0.021227059,-0.321250008,0.001316486
0.031550899,-0.327828869,0.001340792
0.004961942,-0.284255445,0.001356171
0.031128135,-0.271567692,0.00130844
0.073096449,-0.303649761,0.001413505
0.018350594,-0.260998217,0.001371651
-0.000742411,-0.28812507,0.001374999
0.030073914,-0.314913556,0.00136755
0.064119912,-0.290633659,0.001326841
0.018506702,-0.310726577,0.001339566
0.002116995,-0.310262701,0.001326887
0.06850705,-0.300967391,0.001353958
0.009243082,-0.278132484,0.001354347
0.005693416,-0.311539596,0.001372666
0.021763381,-0.311154719,0.001376785
-0.003863328,-0.299545563,0.001300747
0.005910603,-0.271905077,0.0013197
0.05088128,-0.28029527,0.001366633
0.018376588,-0.26923051,0.001344478
0.004821017,-0.297815098,0.001333324
-0.003341676,-0.286469985,0.001331382
-0.001455065,-0.286222147,0.001348199
0.052509942,-0.275506805,0.00134231
0.021157727,-0.262042076,0.001332916
0.06318831,-0.280291119,0.001335536
0.022142023,-0.260839592,0.001329987
0.042809484,-0.277591804,0.001345538
0.017953394,-0.286784307,0.00134262
0.043261372,-0.309407955,0.001349505
0.056864032,-0.295805086,0.00133817
0.044423786,-0.276514751,0.001345965
0.068503702,-0.291526163,0.001370703
0.065417062,-0.283412599,0.001314351
0.07250712,-0.308493266,0.001385896
0.024492262,-0.286152872,0.001339436
0.001251321,-0.298126054,0.001352512
0.022410549,-0.306775766,0.001329266
0.036173981,-0.290044861,0.001337132
0.03438721,-0.286504592,0.001324407
0.063698003,-0.278785515,0.001326619
0.005106136,-0.276350572,0.001344349
0.034274317,-0.332046861,0.001365366
0.000602355,-0.278107156,0.001363863
0.00467672,-0.2836689,0.001314461
0.022263509,-0.263677605,0.001328335
0.042017376,-0.258969244,0.001321219
0.050455685,-0.263681021,0.001345144
0.036341765,-0.31269673,0.001420186
0.004128922,-0.283246806,0.001369593
0.022764704,-0.325514467,0.001421339
0.018151033,-0.324731402,0.001332491
0.016197932,-0.331290005,0.001340717
0.051093426,-0.282989589,0.001343483
0.03448421,-0.309995689,0.00134527
0.031845537,-0.284495612,0.001330838
0.024404011,-0.272154233,0.00132159
0.06719889,-0.304896934,0.001390862
0.039125511,-0.25938402,0.001362375
0.047918011,-0.294527552,0.001397546
0.054049447,-0.274059372,0.00135849
0.035460192,-0.315068028,0.001413362
0.038299019,-0.324172206,0.001344445
0.066496574,-0.312745268,0.001314096
0.047414179,-0.280533026,0.001365168
0.030262527,-0.286936522,0.001328494
0.015693467,-0.321116891,0.00134611
0.053116332,-0.279180731,0.001328481
0.054019864,-0.265106829,0.001306269
0.016296479,-0.270828784,0.001295811
0.061215189,-0.323138901,0.001376053
0.034253299,-0.33487461,0.00134678
0.053449432,-0.293308809,0.001311738
0.051411227,-0.31734509,0.001352374
0.043175404,-0.323424285,0.001318991
0.043557343,-0.292182462,0.001346006
0.067101827,-0.280829439,0.001325098
0.018157257,-0.269546847,0.001313864
0.054788686,-0.32491051,0.001377373
0.044607631,-0.320351388,0.001359606
0.034305477,-0.315834002,0.001339848
0.039448754,-0.26611993,0.001346237
0.061621646,-0.27593666,0.001337286
0.029020327,-0.311893167,0.001430708
0.024022076,-0.271897418,0.001382796
0.028165865,-0.265884968,0.001332225
0.061061641,-0.314114158,0.001394595
-0.003704991,-0.290618535,0.001346914
0.001789239,-0.287612445,0.001319778
0.011114101,-0.265535227,0.001337384
0.052122744,-0.29853087,0.00139874
0.028384861,-0.280251148,0.00130739
0.018915514,-0.289567861,0.00131609
0.022267514,-0.268590478,0.001304928
0.002434091,-0.299103234,0.001363085
0.033671667,-0.280981827,0.001315014
0.003355312,-0.28672492,0.001330048
0.033086485,-0.297006037,0.001369331
0.016261519,-0.273655258,0.001339924
0.021043344,-0.280810506,0.001329139
-0.001797837,-0.28966069,0.001313258
0.017872649,-0.322680793,0.001396786
0.026571577,-0.334363293,0.001355964
0.061712505,-0.323977412,0.00134707
0.044331454,-0.313245338,0.001352478
0.045811235,-0.286861123,0.0013447
0.039107851,-0.274618009,0.001330916
0.047987471,-0.323540665,0.001417339
0.062743214,-0.317908747,0.001331583
-0.002923572,-0.30723477,0.001372776
0.026790469,-0.316712819,0.001350099
0.040703527,-0.288280993,0.001341399
0.042566103,-0.259540207,0.001344503
0.013213654,-0.269896047,0.001322967
0.067378331,-0.299647759,0.001384904
0.061615878,-0.308910382,0.00137791
0.015603571,-0.300445483,0.001333051
0.062546816,-0.324323447,0.001394761
0.062837988,-0.314868855,0.001340006
0.027711561,-0.328473495,0.001343819
0.012570248,-0.304376738,0.00135182
0.012939368,-0.281232643,0.001323092
0.06482394,-0.315164801,0.001387925
-0.001589612,-0.305247399,0.001375102
0.018752291,-0.320405381,0.001342918
0.046577029,-0.273376167,0.001326901
0.007295212,-0.275895292,0.00131542
0.004220434,-0.314927889,0.001373685
0.061222131,-0.281932523,0.001376127
0.055397653,-0.307450753,0.00137496
0.003813278,-0.301610998,0.001354551
0.015646144,-0.31767959,0.00137059
0.034133792,-0.3339025,0.001382668
0.003934405,-0.311977957,0.001336437
0.005926815,-0.307550768,0.00134556
0.048802505,-0.292837351,0.001357748
0.062961538,-0.296854644,0.001346373
0.03180161,-0.322844347,0.001362249
0.0401065,-0.311758821,0.00133883
0.004051278,-0.32033133,0.001359931
0.012509122,-0.313847835,0.001369133
0.020115094,-0.31292542,0.001362267
0.044701623,-0.280056354,0.001336453
-0.003861337,-0.298275276,0.001353436
0.01907882,-0.277541634,0.001367905
0.02780635,-0.325985059,0.001409227
0.01241709,-0.292212658,0.001387922
0.046253718,-0.260881911,0.001332434
0.013102029,-0.317942973,0.001400136
0.029711275,-0.317517912,0.001316469
0.048400504,-0.274679201,0.001326809
0.068945073,-0.281961873,0.001348659
0.038846475,-0.259658753,0.001324038
0.025171657,-0.32515592,0.001378098
0.038276911,-0.27951269,0.001340016
0.008488099,-0.29485509,0.001322021
0.026500471,-0.307395879,0.001332841
0.04179756,-0.269682912,0.00135385
0.050785219,-0.262456942,0.001312683
0.036358152,-0.262782348,0.001316022
0.046908798,-0.311728441,0.001440037
0.058468993,-0.313815633,0.001347244
0.049967058,-0.321830235,0.001355613
0.022626323,-0.274603705,0.00135401
0.067227939,-0.28163063,0.001331078
0.052727608,-0.279697948,0.001310043
0.014450576,-0.266388724,0.0013107
0.009643583,-0.324490108,0.001377063
0.058254143,-0.274383462,0.001367643
0.068668298,-0.316792679,0.00138237
0.03350482,-0.318105749,0.001336157
0.037751548,-0.272966206,0.001376613
0.048613291,-0.305923629,0.001398854
0.028258885,-0.295340837,0.001309185
0.051266243,-0.30039421,0.001348612
0.004628098,-0.292215225,0.001327767
0.045585956,-0.320872286,0.001361504
0.065670963,-0.302192364,0.001332984
0.034494071,-0.291918921,0.001332095
0.058695811,-0.28127311,0.001339641
0.018316953,-0.318105674,0.00138761
0.039592123,-0.280024017,0.001328744
0.058132318,-0.301507691,0.001384361
0.070552821,-0.288506377,0.001330668
0.065617783,-0.307907837,0.001357826
0.057364423,-0.290706104,0.001334888
0.056183692,-0.322141181,0.001417627
0.03111261,-0.263391017,0.001371625
0.004115767,-0.311010557,0.001418719
0.001860097,-0.303915779,0.001319209
0.050024856,-0.309503872,0.001337541
0.011458801,-0.326268746,0.001349073
0.03212361,-0.327464772,0.001365993
0.054352526,-0.266786726,0.001372746
0.016801802,-0.266867041,0.001314869
0.038686439,-0.25971667,0.00131492
0.068955238,-0.28870393,0.001378204
0.026163408,-0.310591946,0.001344777
0.008888507,-0.283986331,0.001325465
0.054383132,-0.26538188,0.001332416
0.015749411,-0.311464834,0.001386074
0.017052823,-0.283892848,0.00134335
0.023445955,-0.289737245,0.001349632
0.03625205,-0.319967173,0.001358206
0.004583496,-0.272388083,0.001358656
0.062444423,-0.316577967,0.001380994
0.038103656,-0.292800497,0.001333023
0.065239536,-0.317446744,0.001347281
0.051076657,-0.318985658,0.001334539
0.059239804,-0.271135165,0.001336861
0.032062523,-0.285256312,0.001323902
0.056145373,-0.311866089,0.001387906
-0.000186338,-0.312799222,0.001329459
-0.003864247,-0.29815728,0.00133007
0.031409463,-0.307573144,0.001352162
0.036471593,-0.292875787,0.001336034
0.064243216,-0.286399139,0.001326111
0.021428969,-0.264463554,0.001358524
0.062555839,-0.274730492,0.001306906
0.035856376,-0.317793089,0.001411031
0.013395108,-0.298958049,0.001317982
0.043819302,-0.318112496,0.001359996
0.047230632,-0.297045259,0.001313254
0.056633635,-0.286608706,0.001318246
0.004849363,-0.276946744,0.001326282
0.001778109,-0.289240792,0.001353073
0.020505843,-0.32753145,0.001399638
0.019275141,-0.270206762,0.001342797
0.007071468,-0.287673139,0.001353966
0.05777109,-0.300298608,0.001354397
0.033964635,-0.323863898,0.001369519
0.053147169,-0.303473931,0.001334452
0.01625979,-0.27134966,0.00132331
0.014389682,-0.326726686,0.001450706
0.054062702,-0.330984381,0.001351002
0.04430529,-0.321391763,0.00134893
0.00395565,-0.300901383,0.001342707
0.024507585,-0.28881903,0.001298
0.005970674,-0.30542684,0.00138114
0.040782257,-0.325149233,0.001366586
0.01054744,-0.278501016,0.001328583
0.013284731,-0.312487602,0.001356367
0.045935221,-0.32087176,0.001346244
0.02043873,-0.264263748,0.001364787
0.052809759,-0.3122615,0.00136939
0.059961056,-0.301948304,0.001339593
0.00088914,-0.296872691,0.001342674
0.067096631,-0.293706713,0.0013874
0.030244144,-0.300864319,0.001321637
0.014550049,-0.28229281,0.00132119
0.018336509,-0.281581735,0.00130845
0.014368078,-0.306240704,0.001347523
0.026501382,-0.328337035,0.001369518
0.016108603,-0.33263235,0.001352738
0.059511897,-0.320070013,0.001358933
0.048546886,-0.297648088,0.001341724
0.013140468,-0.306313507,0.001329916
0.04302214,-0.288255847,0.001324984
0.040793528,-0.333976276,0.001409948
0.059765811,-0.287428156,0.00135425
0.021575101,-0.299858782,0.001347982
0.012403842,-0.301341255,0.001348408
0.053177504,-0.297253362,0.001326348
0.003461197,-0.290515507,0.001313615
0.050178208,-0.279817126,0.001324303
0.000486941,-0.292958421,0.001339104
0.030598913,-0.29864756,0.00134466
0.052128808,-0.284585632,0.001329979
0.032511284,-0.28982077,0.001331869
0.007527109,-0.278343695,0.001309833
0.000786429,-0.313979849,0.001370891
0.025262083,-0.288400565,0.001321838
0.019588499,-0.284858616,0.001341843
0.013845501,-0.265471171,0.001329245
0.013971372,-0.270109556,0.001304717
0.01503281,-0.310451212,0.001393844
0.017362622,-0.266226889,0.001346674
0.052273815,-0.309899074,0.001392596
0.048494622,-0.270944513,0.001368227
0.020378389,-0.272882883,0.00132406
0.022333687,-0.30160818,0.001355884
-0.002562433,-0.289036782,0.001324201
0.034896297,-0.278335996,0.001310343
0.055277959,-0.264291755,0.001320341
0.019353545,-0.270849013,0.001297223
0.063036777,-0.301791137,0.001380366
0.018998597,-0.292679379,0.001323946
0.067117866,-0.29589841,0.001376602
0.05638095,-0.312090328,0.001367122
0.019638663,-0.32953165,0.001372675
0.039699196,-0.299178726,0.001347793
0.06335797,-0.315699393,0.001361686
0.045059426,-0.300648419,0.001337631
0.000158829,-0.279380807,0.001347576
0.022474077,-0.269383931,0.001309077
0.00649603,-0.288589116,0.001351766
0.024443283,-0.304274282,0.001359089
0.020444875,-0.308415455,0.001345133
0.067423828,-0.300240331,0.001345607
0.026970752,-0.275393731,0.001324156
0.007214451,-0.323214621,0.001398515
0.014018792,-0.314658499,0.001334183
0.02953645,-0.275171249,0.001337532
0.023003448,-0.327505102,0.001392333
0.040163197,-0.311421525,0.001339873
0.066257114,-0.305296755,0.001316147
0.022989824,-0.271311573,0.001322258
0.034696157,-0.330364158,0.001372516
0.063373522,-0.303938468,0.001325063
0.001397155,-0.312153752,0.001354875
0.02667167,-0.307366318,0.001343798
0.041622816,-0.289615768,0.001323867
0.025138786,-0.295698101,0.001346676
0.023254051,-0.329389446,0.001396642
0.022394662,-0.29649375,0.001319092
0.039366015,-0.299830548,0.00135702
0.061070006,-0.31610257,0.001369404
0.009492804,-0.267484314,0.001356065
0.007427391,-0.318548222,0.001454184
0.001451031,-0.311489064,0.001320517
0.033130065,-0.333587363,0.001380549
0.044874193,-0.30367738,0.001344852
0.047078579,-0.277026837,0.001326172
0.027685059,-0.26102312,0.001313707
0.020583322,-0.278739196,0.001359625
0.008532001,-0.28430545,0.001334176
0.034195912,-0.307503512,0.00137214
0.057881222,-0.283522659,0.001324878
0.022584466,-0.276210536,0.001327643
0.006597285,-0.322116713,0.001396512
0.035151612,-0.269521201,0.001377492
0.04969032,-0.316519758,0.001418676
0.06512534,-0.305734906,0.00134344
0.013966559,-0.272473784,0.0013411
0.014309914,-0.328206401,0.001441954
0.070382745,-0.30514898,0.001358433
0.01195051,-0.315185938,0.001368433
0.028711573,-0.287253873,0.001320562
0.030080671,-0.31905193,0.001412164
0.036814877,-0.320765796,0.001332724
0.043335217,-0.298721907,0.001318549
0.052304144,-0.31159818,0.001350485
0.048943724,-0.304544538,0.001348216
0.047017747,-0.2752889,0.001343176
0.025629024,-0.277026875,0.001325936
0.046530579,-0.31708285,0.001431494
0.001431042,-0.288705109,0.001328548
0.035515277,-0.29290502,0.001327285
0.036872766,-0.32854334,0.001402457
0.060282544,-0.297423775,0.001369614
0.003595147,-0.285940821,0.001341794
0.054864958,-0.301805471,0.001363412
0.01752957,-0.292716545,0.00135003
0.045833571,-0.30667195,0.001387601
0.056687752,-0.300574374,0.001356192
0.061779059,-0.273662878,0.001346005
0.019122325,-0.315387197,0.001399004
0.017193648,-0.305559952,0.001336921
0.030214238,-0.326671884,0.001359096
0.006951202,-0.309976406,0.001344606
0.011805029,-0.328965705,0.00135401
0.021665902,-0.273569232,0.001366252
0.033639431,-0.32562207,0.001433191
0.058536002,-0.316420014,0.001321404
0.010717794,-0.268571711,0.001348677
0.016540896,-0.310402649,0.001396172
0.050720172,-0.331618799,0.001379565
0.031773264,-0.285414785,0.001362856
0.066592735,-0.299875134,0.001360481
0.018061726,-0.310854715,0.001340984
0.042275559,-0.316186869,0.001356776
0.068241423,-0.298735146,0.001335683
0.02436889,-0.269597615,0.001347448
0.062499533,-0.307854153,0.001389603
0.050173603,-0.292103316,0.001304418
0.013870608,-0.325879552,0.001372503
0.005431866,-0.318692168,0.001341688
0.066149118,-0.277407753,0.001381921
-0.001340842,-0.306211521,0.001345981
0.051465501,-0.313844699,0.001339526
0.025952731,-0.260208764,0.001386481
0.026952961,-0.268068067,0.001316142
0.037129963,-0.263321507,0.00131118
0.015376004,-0.324984178,0.001399311
0.066255508,-0.313446152,0.001356963
0.006735241,-0.304463433,0.001409233
0.026806488,-0.271455865,0.001317748
0.034933081,-0.297225689,0.0013522
0.021109082,-0.319499519,0.001344579
0.043884141,-0.30645888,0.00130987
0.043371595,-0.309709592,0.001343743
0.01066626,-0.310163508,0.001319643
0.05813103,-0.280152533,0.001333488
0.037076032,-0.282328501,0.001325179
0.019023596,-0.332143713,0.001397621
0.044976313,-0.284563724,0.001323785
0.018646283,-0.290539358,0.001333373
0.03373767,-0.294561434,0.001378516
0.063391989,-0.304270376,0.001331703
0.026865725,-0.294335291,0.001336799
-0.001600363,-0.301264054,0.001337206
0.014791681,-0.324928785,0.001373528
-0.005007414,-0.301405409,0.001352487
0.019045967,-0.267157297,0.001358089
0.060488151,-0.288523983,0.001387047
-0.001004082,-0.296589417,0.001369893
0.018804201,-0.288350102,0.001339419
0.028792559,-0.276751541,0.001315776
0.015629436,-0.286411409,0.001327298
0.022060858,-0.289255798,0.001333337
0.013130377,-0.294147488,0.001348081
0.031330848,-0.288994379,0.0013281
0.041982328,-0.294071113,0.001327913
0.053171532,-0.325621542,0.001395358
0.058072477,-0.269350296,0.001354423
0.027957179,-0.300376268,0.001329115
0.04192441,-0.324069989,0.001384997
0.052605907,-0.262800053,0.001353383
0.008900221,-0.320599012,0.001379951
0.026598443,-0.26931283,0.001377353
0.058732196,-0.29522666,0.001363002
0.0484437,-0.27291432,0.001320887
0.011838104,-0.277190627,0.001326101
0.029931676,-0.267347671,0.001327943
0.02951587,-0.296640009,0.001389143
0.041174167,-0.267456611,0.00132089
0.054221216,-0.32290942,0.001388813
0.01670637,-0.275844016,0.001332936
0.071424563,-0.293148489,0.001367151
0.003261511,-0.276092855,0.001344269
0.013692921,-0.282235894,0.001336743
0.002464717,-0.277970753,0.001331823
0.065076675,-0.296530072,0.001392569
0.072416412,-0.285857519,0.00132428
0.025206331,-0.289326595,0.00132472
0.036412406,-0.328322474,0.001386139
0.026349934,-0.310432627,0.001326368
0.068916235,-0.28548214,0.001342546
0.041830883,-0.291539732,0.001318511
0.046364997,-0.27966641,0.001342367
0.03607699,-0.293703144,0.001375019
0.020594846,-0.332695063,0.001392039
0.056286481,-0.28910772,0.001329415
0.014794774,-0.273943651,0.001350987
0.002803589,-0.312030583,0.001375502
0.045064415,-0.301272719,0.001357521
0.045607916,-0.292484645,0.00135581
0.016585258,-0.330431331,0.00138857
0.048801307,-0.324392985,0.00132904
0.046228784,-0.321370679,0.001373608
0.031882852,-0.275467141,0.001374324
0.014179237,-0.305287445,0.001386102
0.003116265,-0.29434265,0.001346185
0.038177916,-0.324535947,0.001387374
0.043955901,-0.277308673,0.001370587
0.05199213,-0.313874522,0.001404499
0.032657022,-0.328399323,0.001354243
0.04133637,-0.262939659,0.001348137
0.006773381,-0.27656898,0.001326213
0.023211597,-0.33111616,0.0013626
0.020676422,-0.316489949,0.001359058
0.022085976,-0.335147267,0.001381199
0.054371605,-0.271489039,0.00136657
0.019444751,-0.33392103,0.001412234
0.048092964,-0.287807339,0.001355954
0.018568772,-0.311196202,0.001356765
0.060453024,-0.321620687,0.001359464
-0.00359923,-0.303288068,0.001383933
0.020285431,-0.262359864,0.001316932
0.016116897,-0.299461272,0.001370472
0.029810583,-0.264534288,0.001316158
0.060522352,-0.267968196,0.001302443
0.01965158,-0.305511372,0.001364987
0.072488268,-0.293960063,0.00132259
0.01220653,-0.314896655,0.001382617
0.038451207,-0.280732026,0.001340915
0.054439234,-0.270628185,0.001337389
0.062365171,-0.323721317,0.001440205
0.022861388,-0.333611046,0.001329525
0.035299457,-0.298106241,0.001339523
0.005882209,-0.275354233,0.001315224
0.04870436,-0.295931856,0.001360489
0.056110094,-0.279196739,0.001338544
0.054154246,-0.301129128,0.001375032
0.015866504,-0.304792062,0.001310184
0.030910001,-0.310348302,0.001343225
0.026424623,-0.320568838,0.00133984
0.05080752,-0.295098954,0.0013215
0.065739807,-0.277995749,0.001320657
0.035406649,-0.278378867,0.001332835
0.021813412,-0.259647676,0.001309064
0.023305922,-0.297793736,0.001407507
0.064305501,-0.318134986,0.001382089
0.030320415,-0.269759716,0.001344064
0.069448256,-0.288161513,0.001336104
0.028777533,-0.327681309,0.001403292
0.054194255,-0.300813451,0.001329299
0.004945343,-0.31165023,0.001344079
0.008585532,-0.27223205,0.001362646
0.024697025,-0.294906131,0.001358525
0.008756123,-0.27801283,0.001325297
0.044994854,-0.267947949,0.001308982
0.069409968,-0.299854248,0.001370661
0.054609917,-0.316918783,0.001322891
0.048250743,-0.323816695,0.001353749
0.049443354,-0.267664356,0.001344179
0.049707877,-0.277753085,0.001355861
0.053146375,-0.309195788,0.00138545
0.060426811,-0.321257583,0.00134334
0.015903689,-0.285278727,0.001356287
0.051327108,-0.267954899,0.001319874
0.050548335,-0.319517031,0.001438988
0.024918597,-0.284959752,0.001320765
0.007319504,-0.310668969,0.001373995
0.070839756,-0.288260795,0.0013508
0.068924835,-0.307571971,0.001369589
0.0208376,-0.328589617,0.001361569
0.06219755,-0.287206685,0.001307997
0.03943945,-0.307583199,0.001376996
0.035318323,-0.284312256,0.001346239
0.023918111,-0.292938812,0.001341857
0.052242112,-0.287652661,0.001366609
0.031457379,-0.329098975,0.001407813
0.028875937,-0.26294383,0.001362985
0.012430227,-0.292950754,0.001405146
0.013937556,-0.295939696,0.001308445
0.021199884,-0.271373314,0.001323119
0.025727441,-0.324721743,0.001441703
0.006532038,-0.302124711,0.001360049
0.059365958,-0.278480685,0.001321277
0.020135859,-0.303600443,0.001351571
0.069473484,-0.287265102,0.001328829
0.068109052,-0.289041687,0.001339994
0.054066373,-0.289664746,0.001354767
0.022737478,-0.312394669,0.001342463
0.0385641,-0.335810307,0.001366544
0.040361082,-0.290075361,0.001362498
0.037929757,-0.285181682,0.001324201
0.062731505,-0.273341203,0.001322543
0.038702141,-0.313314838,0.001411732
0.009715759,-0.278936203,0.001314186
0.020105537,-0.310512457,0.001376059
0.064194917,-0.28470593,0.001358578
0.035142916,-0.335570092,0.001343033
0.02553158,-0.292877375,0.001360175
0.048581493,-0.303703412,0.001349827
0.015944724,-0.311888892,0.001315602
0.047256752,-0.281471893,0.001359529
0.057203858,-0.316100393,0.001399109
0.000904973,-0.275548103,0.001337794
0.010100219,-0.277105636,0.001326216
0.01148012,-0.276208651,0.00134255
0.021591165,-0.294030944,0.001338148
0.02188954,-0.311238243,0.001382359
0.054828752,-0.307084016,0.00133921
0.055124979,-0.29010108,0.001338742
0.014161209,-0.282928291,0.001334164
0.070393554,-0.299830262,0.001342659
0.021295019,-0.270169425,0.001312364
0.067920524,-0.316284565,0.001365876
0.045193359,-0.328520665,0.001341212
0.001804105,-0.319005515,0.001348393
0.052227503,-0.280950936,0.001378468
0.02887536,-0.266501126,0.001337139
-0.003751578,-0.295024332,0.001372754
0.019567414,-0.267780818,0.001308786
-0.005176836,-0.297498937,0.001355543
0.046880321,-0.306704505,0.001372999
0.067513746,-0.316510196,0.001350113
0.035389774,-0.272860342,0.001331186
0.043261925,-0.324023101,0.001449927
0.001913079,-0.293343543,0.001333622
0.018114319,-0.29168899,0.001302351
0.065744833,-0.315418675,0.001372357
0.066274634,-0.297639211,0.001337051
0.041168094,-0.290316421,0.001335344
0.015516491,-0.315038951,0.001407105
0.055388338,-0.292443676,0.00133019
0.052425071,-0.314691367,0.001355535
0.062195535,-0.314769891,0.001320429
0.061023215,-0.291333506,0.001341787
0.049389828,-0.28820156,0.001340854
0.054207571,-0.299634794,0.00135374
0.013760297,-0.302688508,0.001326895
0.001495402,-0.299299353,0.001346193
0.009803005,-0.293964735,0.001321182
0.036321406,-0.294589278,0.001338884
0.047833984,-0.290839807,0.001328482
0.059534566,-0.280398124,0.001339694
0.048182158,-0.311739341,0.001352125
0.025084612,-0.333583596,0.00134704
0.028804324,-0.263311269,0.001366797
0.023635867,-0.316050084,0.001428527
-0.001415554,-0.296617746,0.001345216
0.007101768,-0.315388534,0.001367599
0.042268779,-0.262139729,0.001346726
0.007183967,-0.323811818,0.001367801
0.010863865,-0.275772122,0.001348627
0.018489156,-0.312190204,0.001378321
0.035246456,-0.291275305,0.001333496
0.016107209,-0.270619143,0.001352881
0.017899529,-0.311146145,0.001381892
0.052671324,-0.262690932,0.001341717
0.061012487,-0.296429038,0.001360606
0.006106087,-0.271858406,0.001304884
0.004619633,-0.311931043,0.001384499
0.015365533,-0.328317022,0.001342514
0.032436426,-0.294157048,0.001337723
0.061212661,-0.285475343,0.001319556
0.027953382,-0.268054299,0.001307272
0.032504499,-0.280474038,0.001345956
0.045362376,-0.295525704,0.001345251
0.053624611,-0.291878479,0.00135171
0.041829132,-0.278813166,0.001348625
0.071102261,-0.294977391,0.001368933
0.059456017,-0.297535923,0.001343848
0.020685003,-0.305109613,0.001357391
0.026850569,-0.320245911,0.001358141
-0.001179531,-0.287243947,0.001364943
0.03673627,-0.28394363,0.001326919
0.057250928,-0.300902489,0.001354958
0.049849027,-0.302281957,0.001324176
0.018708903,-0.275457282,0.001366596
-0.001235253,-0.280950974,0.001370284
0.041978269,-0.303108729,0.001371909
0.040309145,-0.291732645,0.001310187
0.068306927,-0.316563184,0.00136473
0.032292922,-0.286518397,0.001316758
0.042084629,-0.313971764,0.001375613
0.009964467,-0.30996945,0.001323254
0.05656103,-0.295546646,0.001340227
0.021043555,-0.329746527,0.001349245
0.056656061,-0.328686265,0.001342834
0.065619101,-0.290635181,0.001296923
0.007847175,-0.326966283,0.001373039
0.03023815,-0.32366469,0.001338686
0.018972528,-0.316646999,0.001352279
0.011554915,-0.300235134,0.001315661
0.057910113,-0.315080191,0.001377017
0.025093256,-0.306453899,0.001325366
0.007564443,-0.290252902,0.001324013
0.01406785,-0.269311112,0.001310113
0.039923332,-0.270280723,0.001306112
0.055606814,-0.307957166,0.001387885
0.024071173,-0.28257511,0.001329527
0.003504662,-0.310194368,0.001381831
0.067516052,-0.288109077,0.001366594
0.033268313,-0.309722161,0.001346946
0.013988793,-0.292248032,0.001317077
0.046935213,-0.306146383,0.001368528
0.008957064,-0.285847775,0.001355704
0.06772215,-0.303846189,0.001371799
0.070740973,-0.313126524,0.001328805
0.004850379,-0.304479012,0.001385686
0.025402881,-0.28658671,0.001315973
0.027623753,-0.3147258,0.001375086
0.047451766,-0.312607653,0.001336832
0.021210652,-0.333065871,0.001325045
0.048525842,-0.300211796,0.001305768
0.0208156,-0.33325514,0.001372423
0.044789666,-0.300981971,0.001359374
0.035951323,-0.288644225,0.001348907
0.069650962,-0.297222385,0.001357642
0.00588731,-0.304693175,0.001363927
0.066923197,-0.278299868,0.001371632
0.06472767,-0.31281267,0.001400532
0.047634088,-0.332596073,0.001380911
0.036611945,-0.294411993,0.001367066
0.049035921,-0.287009085,0.001339281
0.016850173,-0.330393533,0.001424066
0.070149667,-0.282564487,0.001367305
0.046712311,-0.293489707,0.001325901
0.046699847,-0.331018623,0.00137461
0.02629913,-0.267348367,0.001359197
0.022388879,-0.273505997,0.001327815
0.058975817,-0.271365745,0.001351316
0.065266149,-0.288300601,0.001356906
0.055048487,-0.297302849,0.001342865
0.022544762,-0.31090078,0.001366679
0.028780999,-0.294325609,0.001329436
0.049449236,-0.328686059,0.00135015
0.068362842,-0.290513959,0.001318428
0.020315566,-0.303468216,0.001335591
0.008982505,-0.282826732,0.001308389
0.018395045,-0.324281937,0.001415468
0.069301149,-0.291481455,0.001378208
-0.000512535,-0.295692398,0.001347714
0.026847484,-0.311464853,0.001320089
-0.003398397,-0.287704089,0.00132998
0.067135817,-0.295738275,0.001367639
0.042681651,-0.296984591,0.001348937
0.039114766,-0.292736044,0.001384508
0.021064354,-0.329052724,0.001403276
0.040073782,-0.267772847,0.001355749
0.027662806,-0.298335915,0.001363474
0.064399973,-0.312990968,0.001349155
0.042988094,-0.323158054,0.001344736
0.063765562,-0.286437271,0.00131867
0.054288782,-0.300950667,0.00134984
0.045731012,-0.308287032,0.001341932
0.0320008,-0.328358375,0.001367636
0.046380453,-0.287821924,0.001346446
0.033764817,-0.285361081,0.001330387
-0.002974117,-0.288037529,0.001335883
0.021457526,-0.288164653,0.00132125
0.05200355,-0.283825459,0.001363336
0.017378037,-0.280264601,0.001332822
0.05251356,-0.266791534,0.001337572
0.042244098,-0.292835428,0.001382328
0.015127829,-0.326734736,0.00138651
0.005894844,-0.272763689,0.001350668
0.042323595,-0.316971743,0.001363932
0.011849851,-0.320481059,0.001346349
0.007516083,-0.280220328,0.001352701
0.059874658,-0.309521174,0.001369415
0.013396814,-0.279698634,0.001331846
0.024265561,-0.26747675,0.001299097
0.061870997,-0.305243835,0.001399325
0.071051386,-0.290992219,0.001329346
0.037245173,-0.319188805,0.001374781
-0.004332276,-0.293210547,0.001321599
0.033771719,-0.305978939,0.001337868
0.053184574,-0.295737745,0.001317904
0.025594468,-0.295301574,0.001357992
0.024980643,-0.264970729,0.001330127
0.063233384,-0.279211396,0.001338795
0.018961964,-0.27712879,0.001329958
0.053610052,-0.274394984,0.001328699
0.036712694,-0.325785797,0.001423606
0.054417746,-0.271632706,0.001348146
0.032889595,-0.305039477,0.001415383
0.027217031,-0.332553084,0.001372986
0.03607994,-0.284376132,0.001388824
0.006441835,-0.292573541,0.001339933
0.015508905,-0.323861302,0.001384721
0.072404206,-0.287274841,0.001381987
0.000677236,-0.313923481,0.0013654
0.003735851,-0.321230184,0.001336783
0.036981511,-0.336055658,0.001350574
0.037793085,-0.328948038,0.001350752
0.027206376,-0.312466636,0.001344134
0.020050327,-0.279715117,0.00136872
0.037989315,-0.295981029,0.001365498
0.047098247,-0.317538227,0.001358693
0.040164293,-0.297031887,0.001339876
0.037145443,-0.305524697,0.00136914
0.014804831,-0.289410805,0.00133383
0.037078991,-0.318882276,0.00140206
0.020393114,-0.286496923,0.00134775
0.070354132,-0.295058225,0.001352874
0.013150983,-0.285641524,0.001327733
0.007563488,-0.303388686,0.0013379
0.061784563,-0.293182083,0.00132078
0.047470281,-0.32955377,0.001372682
0.011453361,-0.316306805,0.001346616
0.056023297,-0.268850712,0.001384047
0.03976746,-0.26582288,0.001333313
0.031513739,-0.304167699,0.001403565
0.040813255,-0.287096246,0.001338872
0.072301047,-0.306567084,0.001367818
0.022142899,-0.292352762,0.001301869
0.010660284,-0.274078072,0.001313466
0.042834113,-0.316167052,0.001430359
0.037873947,-0.331417731,0.001377184
0.056120902,-0.300260165,0.001345831
0.039433885,-0.27771048,0.001322173
0.039731877,-0.291095225,0.00135425
0.056771113,-0.266153026,0.001290542
0.011771715,-0.287743462,0.001341285
0.035635019,-0.311200705,0.001365414
0.044064763,-0.323241003,0.001365547
0.059654343,-0.292631493,0.001325561
0.012720073,-0.327793315,0.001400095
0.03136342,-0.291153197,0.001323295
0.055588473,-0.265183945,0.001327378
-0.003459743,-0.303717724,0.001368816
-0.001062152,-0.31196831,0.001338083
0.000555942,-0.304385769,0.001351902
0.041342641,-0.278815696,0.001360503
0.028076054,-0.280608952,0.001318332
0.00469457,-0.277409888,0.001330313
0.047081588,-0.313490297,0.001380347
0.031481935,-0.29657413,0.001308342
0.071149302,-0.293539631,0.001321171
0.027710672,-0.26232204,0.00132421
0.040181142,-0.321183061,0.001400218
0.029523461,-0.332841282,0.001356302
0.064136454,-0.302390047,0.001341433
0.014232496,-0.289405916,0.00134545
0.040370188,-0.323429478,0.001395124
0.006688903,-0.297460042,0.001365384
0.015250066,-0.326087631,0.00138693
0.039080896,-0.307191289,0.001316462
0.063848224,-0.285631843,0.001319423
0.020188703,-0.280963496,0.001353024
0.008912927,-0.287117145,0.001326377
0.043435459,-0.288310028,0.001319288
0.03983508,-0.312078507,0.001371591
0.031137228,-0.326398344,0.001370025
0.039752921,-0.277263549,0.001357667
0.008951226,-0.278031723,0.001309946
0.022190992,-0.334772058,0.001400906
0.04029766,-0.298758388,0.001324398
0.033388262,-0.326868139,0.00138145
0.055069211,-0.303697704,0.001293455
0.059537357,-0.325897665,0.001357406
0.035886803,-0.327617493,0.001338196
0.02899521,-0.271562469,0.001328844
0.055818162,-0.311142527,0.001412619
0.001547928,-0.285647359,0.001329331
0.038070846,-0.295967886,0.00136543
0.056194522,-0.285659607,0.001333017
0.049938262,-0.270940189,0.001311893
0.017657704,-0.274153366,0.001335981
0.038476739,-0.291871316,0.00136989
0.034955029,-0.258536544,0.001315636
0.04276452,-0.33109244,0.001382875
0.017425578,-0.318421102,0.001319156
0.011915095,-0.301668637,0.001352443
0.039823292,-0.309288949,0.001359034
0.070258194,-0.309538982,0.001325077
0.011818944,-0.301860295,0.001339035
0.029134077,-0.334263324,0.001391098
0.012838322,-0.267819526,0.001354297
0.001252548,-0.314302677,0.001438451
0.068160803,-0.293805695,0.001365201
0.054908821,-0.265522556,0.001321877
-0.000853696,-0.298857066,0.001361807
0.001562135,-0.281853754,0.001324968
0.037692911,-0.28779796,0.001348428
0.013018584,-0.30018768,0.001335885
-0.003370441,-0.30484131,0.001323044
0.018408759,-0.297652496,0.001322906
0.023435089,-0.26908421,0.001311936
0.047034264,-0.309748477,0.001413249
0.032514878,-0.297123716,0.001350163
0.03036765,-0.280188458,0.001339572
0.043581788,-0.32856446,0.001433156
0.033613247,-0.271049711,0.001338688
0.02099218,-0.326613678,0.001416185
0.046011143,-0.28781708,0.001341238
0.023650385,-0.291952659,0.001334529
0.069314801,-0.282233466,0.001330731
0.036890043,-0.328439187,0.001405812
0.032100891,-0.330288376,0.001329484
0.048333898,-0.261813289,0.001356136
0.041458839,-0.276370444,0.001328525
0.062706977,-0.285670848,0.001335387
0.012036697,-0.268370142,0.001337415
0.068482501,-0.3037054,0.00139141
-0.002348393,-0.296220832,0.001349589
0.070341639,-0.31244491,0.00138785
0.037701375,-0.297901167,0.001343286
0.015368484,-0.282545373,0.001342914
0.001524148,-0.294370844,0.001349613
0.056003416,-0.299687692,0.001356001
-0.005314548,-0.296674501,0.001369178
0.055016425,-0.273087867,0.001374101
0.040237497,-0.275574543,0.0013325
0.01685103,-0.305899707,0.001407192
0.063752118,-0.300106208,0.001326238
0.073104406,-0.301131848,0.001344451
0.046380819,-0.314417521,0.001351906
0.015913192,-0.314070326,0.001324427
0.029146736,-0.297891305,0.001318592
0.042410357,-0.274003536,0.001304346
0.037349154,-0.320784442,0.001411968
0.01823166,-0.27704346,0.00133946
0.031072884,-0.274740647,0.001327203
0.020406247,-0.32519862,0.001433955
0.024045958,-0.333757669,0.001351101
0.0414363,-0.33647684,0.001336726
0.040730901,-0.289958933,0.001350465
0.041087496,-0.296528913,0.001346736
0.06438991,-0.302881691,0.001361053
0.053014934,-0.294710935,0.001343703
-0.002994362,-0.301793461,0.001352492
0.043145713,-0.260544249,0.001361877
0.051585185,-0.324062925,0.00138538
0.040744238,-0.307676318,0.001338551
0.037630757,-0.284339201,0.00134878
0.05056827,-0.284383243,0.001310061
0.038725147,-0.326403714,0.001377998
0.063650145,-0.278675525,0.001335487
0.059587716,-0.279242119,0.001358249
0.053693047,-0.29274903,0.001337798
0.024498723,-0.264671692,0.001322672
0.049057087,-0.290528275,0.001362283
0.002788156,-0.28692125,0.001345558
0.063781325,-0.316102411,0.001410872
0.023608322,-0.270355896,0.001365838
0.050300465,-0.333126545,0.00137845
0.050147989,-0.308401492,0.001342823
0.012905453,-0.30156049,0.001319569
0.032808487,-0.318371738,0.001359888
0.021502008,-0.278149173,0.001327774
0.038141827,-0.279106227,0.001303829
0.01651728,-0.268969069,0.001302987
0.033128124,-0.334864863,0.001370539
0.012156608,-0.279386145,0.001374204
0.011938125,-0.295567035,0.001333684
0.032367114,-0.259470621,0.001337865
0.054156339,-0.316553726,0.001370463
0.005907747,-0.323327332,0.001383347
0.034348642,-0.308815276,0.001314664
0.049634285,-0.315631732,0.001335696
0.016916669,-0.311844336,0.001359598
0.052959951,-0.307115208,0.001353834
0.032360986,-0.267846053,0.001341831
0.036683469,-0.304325069,0.001371496
0.013331335,-0.324362595,0.001354393
0.027470069,-0.279175739,0.001331548
0.047915816,-0.30786347,0.001347904
0.032133441,-0.264663831,0.001349261
0.013942192,-0.283021436,0.001370291
0.004102676,-0.281407608,0.001313787
0.060207489,-0.268967596,0.001336691
0.04213018,-0.273704001,0.0013357
0.045513612,-0.322561093,0.001425975
0.061397593,-0.290492888,0.001326476
0.051014001,-0.329354495,0.00137986
0.040593954,-0.311701185,0.001354934
0.025773019,-0.307124993,0.001363747
0.045337709,-0.321903719,0.001358287
0.050065294,-0.319022975,0.001350627
0.032610606,-0.295600774,0.001322035
0.070344397,-0.312937373,0.001351698
0.056072152,-0.304720776,0.001341581
0.052590304,-0.313798084,0.001343841
0.001037734,-0.307320237,0.001346033
0.034703119,-0.259308456,0.001359221
0.028342341,-0.279448456,0.001346363
0.027710301,-0.298433261,0.001358586
0.067142301,-0.315858707,0.001354595
0.045153393,-0.319106626,0.001336451
0.040380427,-0.321013697,0.001348944
0.028214752,-0.297167598,0.001330056
0.062941565,-0.282623574,0.001321573
0.03423036,-0.321937733,0.001381852
0.029879513,-0.312446777,0.001361364
0.034253078,-0.297882277,0.001356695
0.036375276,-0.323952936,0.001380518
0.00988653,-0.293961541,0.001344853
0.053622748,-0.285330155,0.001346951
0.034097009,-0.280728237,0.001318843
0.035954308,-0.294507342,0.001343607
0.048899383,-0.264211482,0.001343028
0.033768828,-0.277249174,0.001339226
0.03759202,-0.307490516,0.001402271
0.031876825,-0.330243778,0.001366787
0.063163804,-0.308455146,0.001354672
0.051614549,-0.271281598,0.0013437
0.035811596,-0.261216314,0.001326405
0.073042318,-0.305709079,0.001359404
0.010303841,-0.285051749,0.00133705
0.003506197,-0.310045758,0.001358375
-0.000494685,-0.3056035,0.001355524
0.051041122,-0.287172466,0.001348724
-0.001006142,-0.288174098,0.001330231
0.064139208,-0.277489758,0.001388254
0.049409787,-0.287272793,0.00134085
0.066592185,-0.281626654,0.001313168
0.019190615,-0.282374402,0.001317645
-0.002669278,-0.296284472,0.001324859
0.053189159,-0.326758542,0.001398918
0.013830424,-0.293428619,0.001358776
0.038412274,-0.274723757,0.001330029
0.029082861,-0.286841748,0.001333698
0.047129708,-0.321607554,0.001402962
0.028541505,-0.315219894,0.001319494
0.020921841,-0.282124295,0.001348163
0.018276473,-0.303941327,0.001361089
0.041526523,-0.317532678,0.001350338
0.032853531,-0.267570467,0.00133801
0.053337316,-0.307874636,0.001348718
0.021148319,-0.290380467,0.001323458
0.02251816,-0.32237868,0.001346995
0.034883966,-0.260351823,0.001380713
0.015911535,-0.311899916,0.001420097
0.043984199,-0.286253058,0.001344469
0.043568707,-0.30249086,0.001350709
0.043734358,-0.309228192,0.001329908
0.066886284,-0.282872033,0.001339862
0.024190694,-0.280532573,0.001346385
0.058907086,-0.313414468,0.001402005
0.024585207,-0.295758178,0.001346209
0.009324467,-0.293907226,0.00132906
-0.003298275,-0.288576135,0.001346836
0.015451901,-0.308597361,0.001381123
0.051819074,-0.27686315,0.001322287
0.02403635,-0.30869612,0.001352665
0.029442538,-0.319069086,0.001354731
0.006932467,-0.321573867,0.001347366
0.028836794,-0.281896647,0.001344788
0.042932904,-0.260935732,0.00132317
0.046048694,-0.272473789,0.001340556
0.003547299,-0.289625627,0.001341362
0.035005691,-0.33533106,0.001353165
0.019360869,-0.264782928,0.001343627
0.048889678,-0.278442747,0.001368025
0.040125272,-0.287174392,0.001355732
0.022318385,-0.291966116,0.001354959
0.021462992,-0.273027896,0.00133081
0.057817391,-0.289397293,0.00135638
0.026096122,-0.26191913,0.001322127
0.024767989,-0.258593667,0.001316897
0.064645404,-0.300499998,0.001412637
0.005801077,-0.319606287,0.001336313
0.058044546,-0.285891277,0.001341095
0.042994443,-0.328653104,0.001419583
0.057916072,-0.326084005,0.001338107
0.035599603,-0.295927994,0.001336005
0.071964284,-0.285587625,0.001327242
0.042283502,-0.303981269,0.001349124
-0.004227066,-0.288890723,0.001344058
0.039417331,-0.273974415,0.001328571
0.044805462,-0.27207109,0.001304147
0.069393305,-0.314390176,0.00141759
0.037861579,-0.285947728,0.001334259
0.051784165,-0.270205037,0.001314138
0.06287323,-0.313407213,0.001400224
0.028575942,-0.286794249,0.001345649
0.024814721,-0.292477761,0.001320906
0.000777458,-0.294470451,0.001316263
0.042689667,-0.286004295,0.001313602
0.033895068,-0.305382764,0.001388313
0.020948969,-0.262304208,0.001368543
0.043448149,-0.288566889,0.001331423
0.013495459,-0.313544737,0.00134859
0.053947071,-0.277846278,0.001346608
0.051648888,-0.298054162,0.001360932
0.046207972,-0.290822715,0.001346462
0.044742709,-0.287587951,0.001362876
-0.003307355,-0.3053172,0.001339083
0.034562618,-0.32828602,0.001385586
0.017437771,-0.283900845,0.001352019
0.028502632,-0.262517853,0.001325601
0.038732333,-0.284210092,0.001338652
0.049072227,-0.28407207,0.001334917
0.03515743,-0.321478486,0.001385371
0.027582223,-0.284170512,0.001357209
0.029697605,-0.301497827,0.001372257
0.018055896,-0.324840937,0.001369871
0.015536654,-0.317953063,0.001345203
0.052831608,-0.30165451,0.001337016
0.063914769,-0.319781988,0.001357558
0.048960675,-0.301075126,0.00133093
0.012999498,-0.326678012,0.001353485
0.035494665,-0.312660436,0.001329944
0.024842686,-0.259030263,0.001351356
0.010776187,-0.293494364,0.001388244
0.017578281,-0.291688364,0.001335853
0.005517918,-0.286276616,0.001322136
0.0131069,-0.325262195,0.001411967
0.00948033,-0.318834702,0.001321115
0.037719776,-0.282381579,0.001333219
0.062290932,-0.295997583,0.001355254
0.022342791,-0.295242393,0.001323505
0.029722664,-0.276520305,0.001330037
0.063668725,-0.324311759,0.001373352
4.65E-05,-0.312290829,0.001372325
0.011457946,-0.286332764,0.00134899
0.051857482,-0.304269348,0.00136093
0.052621117,-0.314010449,0.00134491
0.060897249,-0.308052712,0.001323437
0.035693992,-0.304493996,0.001346985
0.071168567,-0.299715496,0.001320159
0.010520874,-0.266436538,0.001354618
-0.002987601,-0.300291057,0.001369049
0.033301524,-0.276519946,0.001322931
0.039022418,-0.329894001,0.001431898
0.06809861,-0.30527791,0.001342288
0.034908395,-0.297794195,0.001344657
0.071514374,-0.296758163,0.001349697
0.027672936,-0.295438735,0.001340823
-0.001020677,-0.28275446,0.001331582
0.041035161,-0.274741966,0.001362253
0.021599305,-0.304088561,0.001367226
0.05325501,-0.266432343,0.001344704
0.033774948,-0.299325402,0.001362855
0.032052922,-0.33610179,0.001383018
0.043519839,-0.267605624,0.001384442
0.031577011,-0.276769008,0.001322961
0.033229127,-0.30932607,0.001374869
0.034118739,-0.274588849,0.001348053
0.053362705,-0.294953893,0.001338605
0.059612752,-0.289717802,0.001359173
0.019846562,-0.272904593,0.001318632
0.049949227,-0.28093722,0.001370088
0.037806436,-0.276013506,0.001321959
0.048344204,-0.301195998,0.001356896
0.033506855,-0.278826173,0.001352054
0.038026407,-0.304946191,0.001371612
0.035130324,-0.317496947,0.001351704
0.008009353,-0.289536978,0.001341225
0.022637233,-0.312210902,0.001358285
0.029025079,-0.279888269,0.001341004
0.029391644,-0.268514379,0.001312221
0.059244392,-0.28438673,0.001341897
0.028709383,-0.30572412,0.001361652
0.010237835,-0.309297741,0.001345383
0.041424767,-0.317514287,0.001350048
0.012568149,-0.289896041,0.001306512
0.053484413,-0.273207928,0.001306904
0.048360822,-0.267761837,0.001326008
0.049105102,-0.306800051,0.001392862
0.010234289,-0.289913008,0.001318039
0.019169224,-0.270404958,0.00130904
0.012630129,-0.27689612,0.001316347
0.020663751,-0.269122865,0.001306001
0.025195397,-0.326068817,0.001408667
0.051211671,-0.288827854,0.001321504
0.042638769,-0.307009422,0.001390618
0.032050669,-0.283861782,0.001328466
0.042325747,-0.271895781,0.001360722
0.066284421,-0.284421154,0.001333671
0.018432388,-0.284099839,0.00132221
0.012289966,-0.294853353,0.001347917
0.008284738,-0.320399368,0.001387471
0.049328081,-0.313792492,0.001319384
0.006152305,-0.283184237,0.001342913
0.045758263,-0.274710263,0.001332068
-0.000309091,-0.312512093,0.001412471
0.051455352,-0.301444667,0.001345135
0.057909245,-0.322114005,0.001366911
0.022325371,-0.312938027,0.001369202
0.020449285,-0.319751112,0.001399674
0.021373513,-0.292186147,0.001325945
0.007346458,-0.305544131,0.001357481
0.044917713,-0.262933776,0.001329251
0.025640549,-0.3119236,0.001412139
-0.002921423,-0.298756136,0.001369162
0.02434907,-0.30499885,0.001329894
0.035127985,-0.325994033,0.001386731
0.022796014,-0.304401596,0.001324018
0.045281036,-0.284508049,0.001325526
0.022923015,-0.322649813,0.001380712
0.049151533,-0.327385193,0.001335958
0.000247806,-0.29718448,0.001336747
0.017172161,-0.311647932,0.001332084
-0.004263779,-0.306564662,0.001331363
0.025062321,-0.307975148,0.00134572
0.000162489,-0.310674289,0.00133432
0.063491583,-0.323638224,0.001399398
0.023161323,-0.288193647,0.001345852
0.036130877,-0.274922878,0.001334112
0.040634418,-0.307071594,0.001412654
0.022895796,-0.321679377,0.001335881
0.029131813,-0.333595209,0.001353475
0.036508991,-0.310581055,0.001323448
0.043140941,-0.298616853,0.001331121
0.00922594,-0.268943673,0.001318489
0.013072187,-0.304431458,0.001383241
0.059801048,-0.300381764,0.001360904
0.070030896,-0.30499465,0.001379379
0.022006612,-0.324472381,0.001366177
0.026308944,-0.263022974,0.001369348
0.010425065,-0.32581171,0.001372613
0.031437866,-0.28812886,0.001327214
0.045613397,-0.319479243,0.001378404
0.042376897,-0.292433342,0.001330784
0.063308049,-0.279853878,0.001331847
0.059876409,-0.289359422,0.001324723
0.017178234,-0.284978709,0.001349081
0.003543552,-0.306490078,0.00136691
0.03384675,-0.333111389,0.001374448
0.010542962,-0.311251253,0.001347695
0.046854714,-0.272519047,0.001313597
0.027152217,-0.312416096,0.001376126
0.046220447,-0.30911824,0.001321006
0.033125686,-0.270765239,0.001348987
0.022762299,-0.267595656,0.001332223
0.026032956,-0.273768564,0.001343182
-0.003170893,-0.285341408,0.001375379
0.017465285,-0.285282146,0.001315084
0.035317797,-0.276670273,0.001326354
0.011329299,-0.280239691,0.001342401
0.049256783,-0.310332492,0.001381672
0.052458759,-0.268091216,0.001297932
0.055497194,-0.291696356,0.001352041
0.069103078,-0.278999417,0.001336958
0.062996289,-0.299202329,0.001372428
0.034965351,-0.264085973,0.0013285
0.020126586,-0.277011482,0.001344869
0.024355827,-0.265747088,0.001302334
0.058196492,-0.320913103,0.001389433
0.066285547,-0.274883525,0.001345158
0.02559172,-0.322156642,0.001357472
0.005872167,-0.306683339,0.001359382
0.053141634,-0.313846335,0.001353686
0.05586509,-0.315949517,0.00133032
0.018050291,-0.281748491,0.001312738
0.050188718,-0.263549251,0.001325519
0.0717841,-0.301506846,0.001386033
0.049426863,-0.300143047,0.001318775
0.026814516,-0.320446301,0.001354628
0.037339844,-0.305514529,0.001331635
0.037927364,-0.333010977,0.001384979
0.002036813,-0.312779211,0.001342137
0.072068818,-0.295234556,0.001368127
-0.002618551,-0.288763671,0.001370267
0.04239566,-0.302995574,0.001342093
0.034984272,-0.267488536,0.001338156
0.061047788,-0.32264229,0.00137289
0.064487251,-0.280758435,0.001349497
0.036081146,-0.295505156,0.001343476
0.063049918,-0.276447053,0.001332257
0.047231046,-0.264154491,0.001328401
0.018882881,-0.287199905,0.001361262
0.051514514,-0.278339902,0.001375272
0.018874168,-0.265472475,0.001315673
0.026706012,-0.31867648,0.001443177
0.065754233,-0.298981905,0.001327882
0.059936953,-0.327108948,0.001363348
0.059535481,-0.309339498,0.001348369
0.000329221,-0.291118075,0.001363133
0.016684959,-0.305734699,0.001328328
0.003040457,-0.300303896,0.001327045
0.020484229,-0.313658363,0.0013462
0.04986431,-0.303602535,0.001366421
0.033355026,-0.294001592,0.001345545
0.044717722,-0.275032908,0.001329371
0.0159607,-0.330111314,0.001369115
0.03506956,-0.265519321,0.001342967
0.055111625,-0.286511363,0.001337684
0.038147771,-0.29997212,0.001339877
0.064306649,-0.314652008,0.001325007
0.013207603,-0.297500703,0.001341707
0.008342267,-0.3031452,0.001340954
0.048612746,-0.274583331,0.001339279
0.011928444,-0.328960206,0.001377015
0.050376507,-0.325371197,0.001344162
0.064777056,-0.293418206,0.00133437
0.034803428,-0.332144266,0.001368342
0.063723635,-0.321615342,0.001348029
0.033549725,-0.320074395,0.001315578
0.021708297,-0.301011893,0.001322251
0.030679093,-0.271438928,0.001314207
0.034163093,-0.27715436,0.001349749
0.054871558,-0.283510902,0.001323041
0.003404257,-0.291559445,0.001343012
0.010477972,-0.324279147,0.001363555
0.058715582,-0.311947224,0.001332338
0.003056742,-0.277652156,0.001343074
0.021283043,-0.330284578,0.0014609
0.02611528,-0.31237472,0.001319929
0.050835082,-0.282064182,0.001314736
0.05340788,-0.29049673,0.001363372
0.03766019,-0.270450274,0.0013277
0.008437213,-0.321071309,0.001391682
0.042938665,-0.277364035,0.001360435
8.46E-05,-0.292629713,0.001325395
-0.004402321,-0.303022502,0.001368477
0.042622757,-0.312317015,0.001368215
0.022462312,-0.328834816,0.001336135
0.031838567,-0.314216364,0.001314764
0.041254415,-0.262338662,0.00134561
0.022383852,-0.269617529,0.001320123
0.011355505,-0.279691979,0.001343006
0.014457688,-0.310197814,0.001370385
0.026666575,-0.328554594,0.001349479
0.015938811,-0.278153365,0.001335388
0.031050537,-0.292219088,0.001369653
0.008023296,-0.291687122,0.001331079
0.058425252,-0.287486086,0.00133075
0.043068934,-0.308310777,0.001333727
0.03094073,-0.276979967,0.001304924
0.044856068,-0.298133763,0.001369949
0.00769679,-0.304106916,0.001330979
-0.00529387,-0.301717934,0.001340952
0.024346165,-0.324213646,0.001369506
0.031804351,-0.301992438,0.001353574
0.015126287,-0.33055477,0.001387327
0.054432496,-0.303296925,0.001313211
-0.002927579,-0.288468307,0.001313733
0.018427325,-0.318904097,0.001372974
0.011293482,-0.272476667,0.001348558
0.027552504,-0.290876955,0.001324479
0.002153904,-0.27911583,0.001310383
0.057523019,-0.295414216,0.001385768
-0.000318162,-0.305661269,0.00135991
-0.000656559,-0.287499279,0.001341414
0.01374363,-0.29093162,0.001325858
0.041644304,-0.324068097,0.001417006
0.003995031,-0.28366834,0.001331476
0.004495841,-0.287516783,0.001334574
0.031726865,-0.271714786,0.001347708
0.062646557,-0.313771447,0.00142953
0.018974781,-0.291663092,0.001301049
0.010243478,-0.282081962,0.001307581
0.021957057,-0.319947476,0.001429199
0.062523971,-0.314027082,0.001365864
0.021553852,-0.328934572,0.001335134
0.041525984,-0.329216263,0.001331435
0.026000802,-0.260073766,0.001354795
0.008014697,-0.312732493,0.001432383
0.01961482,-0.293619005,0.001315265
0.047248985,-0.3213799,0.001396779
0.042694482,-0.336078482,0.001367722
0.03541534,-0.316962902,0.001328785
0.016975972,-0.30153591,0.001330216
0.024010405,-0.310765251,0.001352249
0.040174873,-0.331808943,0.001367944
0.033729211,-0.30764155,0.001332568
0.059079266,-0.306755468,0.001332278
0.033410553,-0.264486417,0.001340357
0.058375376,-0.273053522,0.001339605
0.035541256,-0.286283856,0.001334902
0.028078866,-0.304207115,0.001369794
0.014674278,-0.31648069,0.0013564
0.046770084,-0.330574467,0.001361264
0.007430359,-0.267980045,0.001367027
0.05772092,-0.271813417,0.001334652
0.058643377,-0.314046175,0.001380399
0.047578014,-0.325665672,0.001378752
0.008598658,-0.31645298,0.001321858
0.061018847,-0.32268101,0.001333907
0.056064836,-0.315350087,0.001332017
0.041438665,-0.309563113,0.001336101
0.060727714,-0.32005054,0.00136454
0.06914696,-0.315766772,0.001347278
0.009698741,-0.280009953,0.001360259
0.053441109,-0.325920755,0.001388027
0.058212156,-0.286545468,0.001301298
0.068174811,-0.304852141,0.001345226
0.007490841,-0.270593262,0.001372282
0.016938328,-0.309772408,0.001397857
0.071049984,-0.309548597,0.001292979
0.024544209,-0.293015736,0.001325912
0.061581389,-0.289694253,0.001363853
0.054793907,-0.309462267,0.001360683
0.050225311,-0.287292493,0.001334392
0.009563133,-0.310585191,0.001355501
0.000949283,-0.279469395,0.001327678
0.029613994,-0.272465457,0.001328761
0.068580817,-0.27824017,0.001346178
0.04382774,-0.29651666,0.001314402
0.058866184,-0.26650111,0.001339378
0.012613889,-0.274575836,0.001309324
0.033510522,-0.29361581,0.001391409
0.013582521,-0.313136744,0.001403387
0.033125,-0.329871684,0.001363957
0.029733197,-0.317971059,0.001331585
0.037413128,-0.32514253,0.001356903
0.016602109,-0.313927183,0.001346399
0.070619974,-0.29713877,0.001330142
0.042991816,-0.312714886,0.001354765
0.04235007,-0.311182748,0.001335783
0.012660227,-0.303334836,0.001310851
0.042743008,-0.299975203,0.001351432
0.020086521,-0.322535024,0.001345127
0.007479453,-0.325316419,0.001340097
0.021232559,-0.297693107,0.001335085
0.058421689,-0.272543317,0.00133166
0.055196031,-0.31128705,0.00140539
0.021527242,-0.295599526,0.001335196
0.054841704,-0.312447505,0.00138479
0.017397041,-0.277221227,0.001328709
0.04531663,-0.320506865,0.001409268
0.068639857,-0.283897452,0.001362531
0.032915072,-0.318402437,0.001374734
0.022883747,-0.291841041,0.001333495
0.057056921,-0.328364328,0.001380568
0.053492961,-0.277566187,0.001340932
0.039047929,-0.263045537,0.001316299
0.024472123,-0.262641198,0.00133504
0.017728501,-0.280030365,0.001349361
0.030126008,-0.323883367,0.001425433
0.033797849,-0.32025681,0.00133818
0.070120543,-0.297299815,0.001342268
0.005677388,-0.270395192,0.001362364
0.045520221,-0.304429387,0.001398477
0.008688647,-0.309114618,0.001344895
0.006166515,-0.301208141,0.001350851
0.062661071,-0.316366119,0.001372716
0.026854406,-0.279376636,0.001353511
0.009047902,-0.317026964,0.001372025
0.032017134,-0.282163611,0.001335137
0.038229931,-0.316097558,0.001373318
0.017371287,-0.292810099,0.001326269
0.050911983,-0.268500614,0.001333242
0.054542907,-0.327796,0.001393883
0.059440984,-0.323983552,0.001331312
0.003651233,-0.310666751,0.001309979
0.014639114,-0.290699534,0.001341428
0.070391952,-0.285251972,0.001345362
0.032339653,-0.299569435,0.001370537
0.03176547,-0.264809384,0.001317321
0.030662852,-0.33641897,0.001403399
0.009765539,-0.328209335,0.001340435
