0.013128624,-0.424477057,0.018827727
0.013240635,-0.4249009,0.018774923
0.053830732,-0.388488142,0.018780906
0.059278585,-0.399231543,0.018786187
0.053926161,-0.438261695,0.018786315
0.051226754,-0.374793758,0.018786734
0.04028796,-0.443012644,0.018807251
0.029977568,-0.396909521,0.018771636
0.056377529,-0.429999107,0.018760569
0.034574299,-0.424583654,0.018781898
0.034384815,-0.380336008,0.018792009
0.023185942,-0.403937299,0.018769133
0.049337508,-0.383562308,0.018769568
0.027231083,-0.425896384,0.018798591
0.017767613,-0.406588176,0.018729732
0.077323385,-0.420705476,0.018798854
0.078681795,-0.41884111,0.018796992
0.022564556,-0.377137624,0.018807517
0.061565779,-0.393051457,0.018779097
0.076306751,-0.391190115,0.018784322
0.034331535,-0.442993222,0.018808147
0.061632632,-0.401776756,0.018738503
0.06536738,-0.376887588,0.018782263
0.023995505,-0.379475969,0.018786069
0.05416955,-0.392558831,0.018802122
0.064876243,-0.424170037,0.018798231
0.081397872,-0.415604083,0.018754784
0.084277376,-0.406036934,0.018747317
0.042989796,-0.440308818,0.018785023
0.052421646,-0.386765904,0.018779831
0.04493043,-0.414980381,0.018809613
0.036591086,-0.405917642,0.018761861
0.052731727,-0.42118977,0.018806789
0.036365075,-0.44041765,0.018784781
0.044168581,-0.402015051,0.018773398
0.048663034,-0.409129908,0.018821945
0.040090401,-0.42941435,0.018798371
0.074222834,-0.413716157,0.018769955
0.00716091,-0.420085533,0.018809955
0.031109482,-0.416647381,0.018789626
0.028125876,-0.426362074,0.018811661
0.044715392,-0.382325214,0.018775771
0.011710706,-0.411527435,0.018786413
0.026275109,-0.432538259,0.018760078
0.072798026,-0.421998583,0.018787652
0.030728204,-0.418163778,0.018764042
0.048458564,-0.421060484,0.018752778
0.078628092,-0.401824839,0.018776097
0.0734477,-0.383288063,0.018791699
0.063945801,-0.432723856,0.018832927
0.032762267,-0.407245278,0.018737597
0.012342407,-0.412835698,0.018760139
0.033392961,-0.375974318,0.018736139
0.048021622,-0.38529407,0.018760422
0.064475057,-0.416052213,0.018791654
0.05862315,-0.376638176,0.018752496
0.028728657,-0.415742511,0.018824003
0.078057684,-0.398136664,0.018767167
0.072024175,-0.436301311,0.018829734
0.010932011,-0.402563889,0.018784997
0.034524997,-0.406158522,0.018744133
0.072216568,-0.401490001,0.018770551
0.073826975,-0.390256137,0.018790889
0.071252523,-0.382984973,0.018792822
0.0648318,-0.433715967,0.018814476
0.067101023,-0.427336561,0.018776076
0.024203368,-0.407874722,0.018777805
0.044218632,-0.445135652,0.018809619
0.027754788,-0.387396513,0.018820359
0.029735198,-0.403478359,0.018770706
0.065999696,-0.381849734,0.018774253
0.046380126,-0.400233798,0.018768232
0.016623971,-0.415859513,0.018776353
0.015180677,-0.41046298,0.018785903
0.011317122,-0.393616762,0.018745419
0.015341617,-0.390341379,0.01874262
0.064203285,-0.392304832,0.018769933
0.04267001,-0.414410807,0.018769515
0.039890638,-0.397360621,0.018785803
0.044275231,-0.439352999,0.018843465
0.056116903,-0.388350774,0.018772461
0.034744102,-0.418909153,0.018824336
0.015460775,-0.409868741,0.018790502
0.051754829,-0.418580257,0.018760439
0.082378429,-0.399433863,0.018799437
0.074162108,-0.433889022,0.018814323
0.078209694,-0.405229612,0.018778773
0.007806122,-0.401283997,0.018780084
0.01276825,-0.396111966,0.018791569
0.027046475,-0.397121058,0.018796348
0.054558041,-0.375404162,0.018758457
0.037899994,-0.446423281,0.018834802
0.025614163,-0.410834536,0.018791435
0.061039826,-0.443335267,0.018793385
0.043757952,-0.395471581,0.018751157
0.018847279,-0.392725794,0.018768377
0.048889912,-0.418851186,0.018756495
0.052768489,-0.447511106,0.018775484
0.075665007,-0.415782137,0.018751901
0.033108536,-0.438868991,0.01878098
0.070608054,-0.399690155,0.018784607
0.044219866,-0.410148451,0.018748151
0.04446136,-0.436656648,0.018776471
0.074022845,-0.398086011,0.018782349
0.053769378,-0.386692756,0.018802643
0.069877689,-0.39252456,0.018758396
0.040037591,-0.372735903,0.018758578
0.049725375,-0.438585984,0.018815162
0.016855143,-0.385267934,0.018822754
0.071223714,-0.406740222,0.018820156
0.064042498,-0.382708846,0.018777983
0.029609171,-0.417820449,0.018795981
0.04757992,-0.423313665,0.018783942
0.051092692,-0.407600276,0.018793185
0.015347793,-0.428096632,0.018807401
0.052142271,-0.373331633,0.018802462
0.061755589,-0.388929519,0.018780578
0.023519368,-0.393095482,0.018770366
0.021540906,-0.376421917,0.01876827
0.026750121,-0.389287107,0.018793616
0.046754418,-0.41652155,0.018798424
0.069084011,-0.433493885,0.018760711
0.05110807,-0.436806646,0.018766776
0.047019325,-0.422091241,0.018800107
0.066609124,-0.441565884,0.018773978
0.025449576,-0.382403127,0.018829465
0.028928339,-0.408101489,0.01877947
0.035653329,-0.37794428,0.018762683
0.04355167,-0.442948219,0.018808132
0.017296779,-0.399366516,0.018787044
0.019926032,-0.408050269,0.018754569
0.029572157,-0.382633024,0.018730887
0.054197631,-0.426716736,0.018810769
0.019825745,-0.411751719,0.018771238
0.029458963,-0.380976864,0.018787825
0.007891858,-0.406733556,0.018783398
0.05727586,-0.3979117,0.018762591
0.030839317,-0.426870261,0.018811739
0.035228378,-0.425989918,0.018753978
0.032040364,-0.382611352,0.018766869
0.056610903,-0.432146788,0.018857975
0.018901776,-0.381491959,0.01878438
0.037554083,-0.438052366,0.018808812
0.030940548,-0.393861251,0.018796983
0.046758508,-0.41029039,0.018779055
0.032552409,-0.432608634,0.018767488
0.072322309,-0.390290502,0.018797268
0.039436961,-0.444562563,0.018822348
0.043246372,-0.415940009,0.018764094
0.077610134,-0.399712673,0.018754975
0.014627177,-0.423151505,0.018787511
0.040198031,-0.428291322,0.018785575
0.068670523,-0.414559271,0.018740284
0.068759342,-0.409611348,0.018774975
0.019723893,-0.424759593,0.018776103
0.0316432,-0.419463374,0.018787209
0.021296836,-0.386369978,0.018755922
0.059870759,-0.375763392,0.018770865
0.059515194,-0.430906519,0.018808241
0.064899622,-0.434441425,0.018760896
0.0551575,-0.393570027,0.018784287
0.026070935,-0.38172713,0.018739926
0.0676179,-0.386011595,0.018769159
0.058901218,-0.4093766,0.018803796
0.050979439,-0.413455845,0.018770001
0.059198725,-0.378626319,0.018739905
0.069768503,-0.439364192,0.01881353
0.057531257,-0.428470057,0.018754732
0.068557188,-0.407461757,0.01875173
0.064160876,-0.442511189,0.018789071
0.080142628,-0.397928463,0.018784175
0.054176674,-0.373452473,0.018740941
0.007349593,-0.409284459,0.018792884
0.080819314,-0.40360076,0.018772082
0.064722474,-0.387557293,0.018750914
0.064451332,-0.379271184,0.018787436
0.022001572,-0.42247452,0.018795711
0.032211091,-0.425671459,0.018750033
0.082597659,-0.413278856,0.018819487
0.057068142,-0.428858408,0.01878379
0.073318808,-0.398769283,0.01879015
0.037996371,-0.399361361,0.018786857
0.065187785,-0.402117323,0.018770242
0.037167548,-0.374044177,0.018759586
0.076878773,-0.42245909,0.018803802
0.021726053,-0.392739313,0.01881396
0.041001138,-0.439937274,0.01883895
0.030292237,-0.372940087,0.018808228
0.037615514,-0.4280463,0.01881234
0.044125758,-0.397076123,0.018747387
0.054950109,-0.435457376,0.01878126
0.010446977,-0.389135886,0.018797118
0.021132267,-0.421398656,0.018778562
0.031435589,-0.377706865,0.01875162
0.075206385,-0.391076643,0.018759727
0.031499373,-0.419719946,0.018794013
0.023802727,-0.379126428,0.018762243
0.031194812,-0.434309309,0.018823659
0.074344062,-0.403417739,0.018779919
0.015306385,-0.412755188,0.018807287
0.061008948,-0.377644777,0.018751538
0.043845266,-0.402249752,0.01877165
0.009646646,-0.406412933,0.018768653
0.057488804,-0.443875149,0.018798819
0.046025135,-0.411853644,0.018763655
0.018208852,-0.380733733,0.018797425
0.044688399,-0.391727722,0.018791158
0.027214112,-0.422086121,0.018828121
0.033347287,-0.371906002,0.018758839
0.05358867,-0.381741212,0.01879553
0.025667706,-0.402588708,0.018743333
0.048604648,-0.409368281,0.018760827
0.027360389,-0.439656472,0.018772934
0.080339936,-0.422937086,0.018757015
0.045791434,-0.397165647,0.018795287
0.028922434,-0.38312834,0.018756342
0.013426315,-0.387562148,0.018776905
0.043305485,-0.434557171,0.018783631
0.081535358,-0.409503648,0.018748957
0.059985517,-0.401318893,0.018766258
0.01430794,-0.401899406,0.018792684
0.023525802,-0.426439892,0.018780751
0.056191614,-0.420356054,0.018765404
0.069923511,-0.432291887,0.018763921
0.022496495,-0.394786283,0.018763255
0.024527462,-0.37582742,0.018769833
0.021701142,-0.38656173,0.018791507
0.041223252,-0.401406765,0.018787134
0.047886527,-0.421514872,0.018771915
0.016793352,-0.390870696,0.018768302
0.055426134,-0.373716196,0.018779459
0.084463569,-0.402633081,0.018828715
0.041538366,-0.392318552,0.018736718
0.012302727,-0.391238893,0.018781233
0.01735417,-0.382149564,0.018732333
0.072657138,-0.429105599,0.018810632
0.046983681,-0.443948782,0.01876648
0.050557327,-0.412004444,0.018770373
0.047495733,-0.394560115,0.018770221
0.036015258,-0.399559129,0.018733461
0.028895829,-0.440259143,0.018800834
0.029077987,-0.39055606,0.018757113
0.07048944,-0.395134049,0.01876668
0.055938057,-0.371894276,0.018750718
0.013877545,-0.391801241,0.018787334
0.046784621,-0.403994685,0.018775329
0.039226549,-0.372443911,0.018770209
0.064353003,-0.425772212,0.01881162
0.076975778,-0.428687881,0.01878657
0.06270512,-0.375584052,0.01877037
0.041203373,-0.391047667,0.01879429
0.027024271,-0.386947815,0.018775187
0.023665046,-0.380788572,0.018763674
0.033539503,-0.39000149,0.018763432
0.052252916,-0.409458402,0.018774784
0.035932668,-0.37270608,0.01878558
0.010168184,-0.405433964,0.018780497
0.041190382,-0.426226183,0.018824557
0.055247966,-0.436543194,0.018786051
0.033332818,-0.417138533,0.0187498
0.050994032,-0.413473105,0.018770004
0.025247526,-0.437820691,0.018780812
0.029432739,-0.385626119,0.01878502
0.023099611,-0.384170366,0.018760472
0.058842328,-0.394161298,0.018808845
0.079632421,-0.399133665,0.018783133
0.063993329,-0.373373394,0.018748659
0.023066404,-0.415162982,0.018814081
0.053287009,-0.370203965,0.018763056
0.052354996,-0.407353458,0.018824661
0.056680115,-0.405402763,0.018787197
0.032607662,-0.396607193,0.018797554
0.049660972,-0.4442022,0.018842333
0.068713556,-0.390876277,0.01877619
0.067924569,-0.418894605,0.01881408
0.061534655,-0.42377061,0.018784055
0.037240578,-0.439152675,0.018804784
0.055852365,-0.372177628,0.018791706
0.025821891,-0.415105158,0.018834469
0.047621208,-0.384373331,0.018774699
0.042453946,-0.409357135,0.018801462
0.044986545,-0.408801733,0.018773373
0.06381479,-0.442258782,0.01881479
0.036839764,-0.384785834,0.01883056
0.034578836,-0.427507779,0.018833011
0.068390281,-0.436201335,0.018765284
0.050319497,-0.378225512,0.018799654
0.033828593,-0.384011131,0.018801363
0.061206678,-0.403483029,0.01879006
0.043804505,-0.441019279,0.018828641
0.047803272,-0.431436625,0.01878679
0.056174863,-0.436399185,0.018768234
0.082626561,-0.397843558,0.018751525
0.084488442,-0.414374408,0.018790286
0.011762122,-0.387919147,0.01881187
0.051204188,-0.383303851,0.018784097
0.040341426,-0.427436647,0.018820721
0.044837598,-0.424964067,0.018774341
0.020556189,-0.428880465,0.018768919
0.017966577,-0.407885881,0.018744812
0.036879173,-0.373577745,0.018785068
0.035467897,-0.374260178,0.018738471
0.060474856,-0.426558039,0.018810007
0.031378818,-0.435082606,0.018797458
0.040443787,-0.429816809,0.018755462
0.069586082,-0.379639139,0.018778446
0.032697657,-0.374276521,0.018801065
0.018363384,-0.414122309,0.018812182
0.042239429,-0.407913068,0.018729721
0.078020503,-0.386484736,0.018758168
0.03639198,-0.442226149,0.018789855
0.049690154,-0.401115899,0.018755779
0.041024943,-0.407647147,0.018744379
0.067417525,-0.387659217,0.018744305
0.062865581,-0.438006727,0.018830063
0.019382101,-0.407090701,0.018788025
0.069393438,-0.423265152,0.018777252
0.053084915,-0.396923287,0.018782883
0.076099008,-0.420088511,0.018787505
0.058821959,-0.391013479,0.018771994
0.023012426,-0.423043818,0.018820813
0.060690543,-0.381022896,0.018767638
0.044811412,-0.400557982,0.018758772
0.060010784,-0.409115892,0.018783336
0.054880086,-0.428815954,0.018758918
0.057770478,-0.403164328,0.01877341
0.060863169,-0.42947502,0.018789087
0.033953793,-0.431638637,0.018785925
0.045814211,-0.4212206,0.018734445
0.066529101,-0.389084712,0.01876555
0.050042057,-0.380126812,0.018769085
0.081529892,-0.420871652,0.018812055
0.023530334,-0.441919495,0.018801156
0.078764822,-0.422973992,0.018779872
0.042710068,-0.380691693,0.018767511
0.018106862,-0.391159464,0.018781986
0.051630532,-0.421210841,0.018808014
0.011134369,-0.393554439,0.01876895
0.036324566,-0.413561221,0.018773441
0.045497769,-0.408184931,0.018801842
0.069562029,-0.401181868,0.018775706
0.043312369,-0.42399218,0.018797629
0.046823417,-0.390332209,0.01879205
0.080171165,-0.391710959,0.01876302
0.044327876,-0.400047484,0.018764725
0.047249652,-0.428534629,0.018794196
0.080434346,-0.396833925,0.018783089
0.026024556,-0.4023892,0.018792415
0.041245516,-0.382621508,0.018790929
0.047592883,-0.42965114,0.018815897
0.017766323,-0.385497714,0.018805973
0.023103446,-0.376671081,0.018806395
0.021013672,-0.389207486,0.018800559
0.035515131,-0.396557565,0.018779094
0.043938572,-0.443729473,0.018798199
0.06766176,-0.38800278,0.018848164
0.045223875,-0.433952567,0.018839786
0.027003313,-0.430436025,0.018773116
0.038783828,-0.386970781,0.0187356
0.018375873,-0.415292602,0.018772133
0.062059395,-0.43706892,0.018793614
0.050090898,-0.418999564,0.018776975
0.055878437,-0.381693266,0.018750482
0.069457451,-0.400326115,0.018852307
0.02856244,-0.388185612,0.018784495
0.039907804,-0.426811685,0.018797231
0.071258105,-0.431422079,0.01880291
0.063148186,-0.388436321,0.018746529
0.051688928,-0.389266728,0.018774801
0.056873848,-0.444451374,0.018867747
0.07614027,-0.43146387,0.018733204
0.054572816,-0.381213829,0.01874818
0.079713733,-0.40640953,0.018785755
0.035115042,-0.416993252,0.018762144
0.007433163,-0.415980357,0.018766696
0.029934582,-0.426348098,0.01877853
0.037112609,-0.372680611,0.018757333
0.008379194,-0.416784342,0.018809739
0.021787547,-0.413276663,0.018776997
0.014498868,-0.415616855,0.018806421
0.014898645,-0.431074478,0.018792064
0.034742709,-0.390818294,0.018787029
0.029509787,-0.389429528,0.018781162
0.067641957,-0.389963875,0.018777588
0.072973506,-0.39947945,0.018759493
0.055496802,-0.436043406,0.018804211
0.055205537,-0.41487764,0.018761292
0.048626518,-0.419459221,0.018789767
0.067046229,-0.407867635,0.018784061
0.066542387,-0.422254259,0.018758271
0.059447276,-0.374675217,0.018758025
0.022100722,-0.40051633,0.01880772
0.040149928,-0.37804353,0.018726264
0.029962878,-0.422484674,0.018820576
0.054007012,-0.432621059,0.018814466
0.040398092,-0.41057655,0.018756969
0.061947977,-0.372724201,0.018752682
0.050484852,-0.403843018,0.018764093
0.072590827,-0.409118864,0.018768066
0.074047813,-0.397665959,0.018741513
0.011904521,-0.410363181,0.01881217
0.029988621,-0.386099421,0.01876273
0.054475383,-0.405140504,0.018818983
0.045107231,-0.37462108,0.018787883
0.078770015,-0.391484099,0.018795326
0.079396428,-0.402818449,0.018777663
0.043109249,-0.414279261,0.018765582
0.034225268,-0.404969623,0.018802638
0.007510279,-0.407261252,0.018763034
0.06347879,-0.376532918,0.018803133
0.026927015,-0.436023001,0.018817923
0.034893047,-0.383420525,0.018785239
0.073280594,-0.426713671,0.018817598
0.07321131,-0.388908043,0.018804171
0.010047476,-0.404420983,0.018772734
0.028351778,-0.375295119,0.018764157
0.034043791,-0.399161732,0.018797811
0.014272314,-0.422242849,0.018790999
0.032780422,-0.403852746,0.018735834
0.033773109,-0.410841235,0.018758688
0.065890664,-0.425613696,0.018816317
0.049197222,-0.429348584,0.018783644
0.030198023,-0.378459502,0.018775045
0.02530845,-0.437245148,0.018809662
0.044491274,-0.374790465,0.018781339
0.077878574,-0.430240205,0.018815294
0.055039075,-0.428067481,0.018753503
0.055633319,-0.390081404,0.018746354
0.017421602,-0.410264821,0.018771911
0.042698054,-0.413995816,0.018750091
0.043567294,-0.42590924,0.018783186
0.057755014,-0.377087398,0.018781882
0.051402397,-0.390321864,0.018779581
0.078219894,-0.427412638,0.018775487
0.062884576,-0.427808475,0.018752307
0.044113361,-0.394606709,0.018762053
0.069923926,-0.431931688,0.018831089
0.065096178,-0.434344927,0.018765336
0.017347381,-0.435102276,0.018794227
0.049777471,-0.433654525,0.018768542
0.041567381,-0.421344563,0.018767049
0.032352929,-0.385229857,0.018802936
0.00674652,-0.40157317,0.01879243
0.023712789,-0.395853655,0.018773939
0.062406497,-0.424991581,0.018815909
0.035020543,-0.386147018,0.018756356
0.072111425,-0.404546152,0.018783843
0.049722327,-0.438372787,0.018798123
0.027649375,-0.420095958,0.018758465
0.043188458,-0.423480623,0.018782127
0.059318453,-0.432837534,0.018767656
0.084558653,-0.411025778,0.018780124
0.028638501,-0.406347755,0.018758291
0.047724895,-0.44348247,0.018814034
0.020624554,-0.429233839,0.018768445
0.012368644,-0.427942181,0.018756329
0.081711151,-0.394749234,0.018786318
0.046299481,-0.378346397,0.018754861
0.067916649,-0.402526122,0.018805496
0.065360782,-0.405257283,0.018782108
0.055294876,-0.441014378,0.018751067
0.029712461,-0.372206783,0.018801883
0.078412101,-0.408887456,0.018807727
0.012062071,-0.392357367,0.018792186
0.007046277,-0.40649957,0.018778463
0.052507495,-0.385204278,0.018739645
0.014456896,-0.422341678,0.01879624
0.056173991,-0.405050429,0.018752248
0.032173676,-0.428960131,0.018788758
0.056342563,-0.423845181,0.018747563
0.021341432,-0.405522415,0.018785487
0.08021633,-0.405656619,0.018797916
0.0454678,-0.381529318,0.018737812
0.038968643,-0.373167975,0.018783484
0.060371897,-0.427793792,0.018798856
0.040940999,-0.399632172,0.018737321
0.077305899,-0.430982295,0.018812866
0.045075192,-0.422807205,0.018807354
0.026451645,-0.439448199,0.018789041
0.07236614,-0.421542438,0.01875456
0.036828159,-0.446822291,0.018749343
0.04008814,-0.380201255,0.018788333
0.081090521,-0.397683529,0.018787309
0.06419934,-0.401606143,0.018791798
0.042677988,-0.380023938,0.018764946
0.048118845,-0.373706982,0.018759399
0.049986693,-0.388303084,0.018769614
0.059741752,-0.403698889,0.018745432
0.040536732,-0.390291721,0.018776125
0.05721745,-0.378456159,0.018761696
0.017133538,-0.424088014,0.018781134
0.024826954,-0.408751156,0.018807561
0.031523764,-0.437924908,0.018823295
0.061228813,-0.389160522,0.018754056
0.068432931,-0.387389169,0.018770654
0.07994343,-0.390721257,0.018765198
0.018748464,-0.397793622,0.018797842
0.015731761,-0.415669045,0.01878709
0.075170932,-0.389686811,0.018810356
0.050966596,-0.423243031,0.018796608
0.065985845,-0.432999996,0.018733456
0.07575132,-0.407800259,0.018765891
0.05493733,-0.37933352,0.018738526
0.045792097,-0.436030235,0.018873983
0.055559615,-0.403207954,0.018755378
0.026530822,-0.417463137,0.01876146
0.080298068,-0.393482267,0.018753422
0.014994877,-0.427841299,0.018826195
0.041328758,-0.380248672,0.018765907
0.03320432,-0.408064701,0.018798784
0.054260095,-0.415709319,0.0187764
0.028212258,-0.40716233,0.018774628
0.079415733,-0.393350401,0.018779787
0.054719409,-0.447224995,0.018787448
0.040735739,-0.418219063,0.018784079
0.03351514,-0.418201634,0.018788799
0.036441777,-0.412623092,0.018820881
0.028404295,-0.442573125,0.018774323
0.015508876,-0.390285808,0.018794031
0.022372109,-0.378937715,0.018731112
0.009855352,-0.407860563,0.018792835
0.022548435,-0.381889968,0.018763477
0.024674626,-0.430556309,0.018809151
0.02028299,-0.404685904,0.018762645
0.056500699,-0.385508227,0.018746536
0.03679561,-0.398941128,0.018762468
0.037719037,-0.409600063,0.018760792
0.065174945,-0.433612628,0.018803919
0.036554799,-0.388808392,0.01876652
0.033734735,-0.377812565,0.018734989
0.049699894,-0.412067923,0.018794724
0.077629193,-0.424438932,0.018765286
0.053673699,-0.410064377,0.01877256
0.037083926,-0.380393458,0.018772496
0.019560855,-0.380498532,0.018780664
0.007660937,-0.40542345,0.018783832
0.042975218,-0.428575917,0.018807056
0.049031617,-0.445286837,0.018788683
0.067985848,-0.438147596,0.018763948
0.070716113,-0.433346891,0.018771596
0.051170811,-0.446550203,0.018781716
0.036631175,-0.376367538,0.018818614
0.032278955,-0.438152037,0.018813444
0.029866131,-0.422282293,0.018757951
0.017585073,-0.436378393,0.018777111
0.068177681,-0.390176382,0.018811242
0.05594152,-0.408163915,0.018762116
0.031642062,-0.39973271,0.018773438
0.053987736,-0.370701833,0.018757759
0.037671671,-0.401562768,0.018808763
0.023071721,-0.417496079,0.018771585
0.047762884,-0.395739964,0.018761995
0.072748348,-0.41577709,0.018794073
0.068288195,-0.390942474,0.01878209
0.053125687,-0.428567324,0.018790997
0.035337191,-0.421335233,0.018769624
0.02306997,-0.424186059,0.018775757
0.043828935,-0.437172522,0.01877483
0.044927697,-0.418387404,0.018746633
0.054804374,-0.385305504,0.018754632
0.009138799,-0.409900306,0.018790389
0.051050561,-0.409739578,0.018801478
0.07832099,-0.428172271,0.018779805
0.025575593,-0.401114622,0.018786865
0.033729639,-0.422959588,0.018797162
0.021369794,-0.432337586,0.018793783
0.036763694,-0.436730181,0.018750926
0.069253252,-0.419192032,0.018758783
0.02460861,-0.434921203,0.01880527
0.012930095,-0.397563363,0.018780097
0.016071404,-0.405578142,0.018774379
0.025653681,-0.377253531,0.018731627
0.029732205,-0.421845563,0.018852016
0.021516446,-0.393196065,0.018742386
0.023040891,-0.387998957,0.018789526
0.025567481,-0.377126415,0.018753127
0.07041128,-0.379388403,0.018784256
0.062446267,-0.382361952,0.018775003
0.062422868,-0.394618005,0.018782731
0.071184786,-0.41881377,0.018787103
0.056091978,-0.387664655,0.018774777
0.052109359,-0.372629436,0.018752849
0.051026173,-0.394698488,0.018781151
0.074132233,-0.383539865,0.018785498
0.067652522,-0.402390643,0.018763531
0.051363831,-0.395872912,0.018793849
0.022549374,-0.415115432,0.018808219
0.046286711,-0.371580307,0.018798537
0.048839818,-0.426661811,0.018832535
0.047600236,-0.43621549,0.018755418
0.04057746,-0.390554131,0.018771677
0.018550125,-0.418932293,0.018764364
0.046748139,-0.38143871,0.01877155
0.068964425,-0.427948948,0.018847099
0.018711286,-0.380714635,0.018796919
0.014068204,-0.416328464,0.018815938
0.025484031,-0.385746972,0.018754873
0.037683526,-0.414410038,0.018805076
0.014923314,-0.400760904,0.018761698
0.077785356,-0.412433405,0.01882117
0.030475224,-0.440083307,0.018785416
0.028782343,-0.426456186,0.01876054
0.070985575,-0.385438964,0.018780288
0.011883618,-0.407571263,0.01881339
0.063939822,-0.393529827,0.01874455
0.05170946,-0.430150707,0.018779078
0.021768305,-0.425072428,0.018811405
0.059346074,-0.384039419,0.018772185
0.041521091,-0.405196033,0.018804608
0.023681779,-0.436256483,0.018823221
0.037839895,-0.402647864,0.018775671
0.024917653,-0.420229403,0.018809432
0.038932042,-0.414496595,0.018765212
0.029859027,-0.381091882,0.0187485
0.073641091,-0.416298079,0.018797214
0.060600297,-0.421224438,0.018757847
0.051141022,-0.414469779,0.018744417
0.026200152,-0.391934758,0.018752381
0.052893079,-0.403488412,0.018769952
0.036643051,-0.384517376,0.018774374
0.028853652,-0.444801798,0.018821303
0.075942299,-0.405134579,0.01880513
0.014765105,-0.420827142,0.018786531
0.059247873,-0.432682027,0.018760862
0.056619599,-0.421006937,0.018773247
0.037411895,-0.383247605,0.018793266
0.056076765,-0.377254403,0.018749713
0.038740138,-0.371735232,0.018767008
0.076520792,-0.422057261,0.018856791
0.047776501,-0.433824383,0.018740847
0.082698627,-0.413495704,0.018746556
0.052192141,-0.380651494,0.018748878
0.034943753,-0.379184136,0.018803745
0.023200617,-0.438030889,0.018808153
0.079928858,-0.412947948,0.018825346
0.01248845,-0.423448235,0.018788609
0.067449783,-0.434008403,0.018773399
0.028621235,-0.443505243,0.018759714
0.056344547,-0.408107911,0.018772111
0.048183949,-0.436563852,0.018779247
0.013541537,-0.388591851,0.018780298
0.066143089,-0.422052023,0.018791038
0.029918884,-0.402267473,0.018762758
0.027969316,-0.416530145,0.018745714
0.068604838,-0.382681293,0.018736777
0.06178891,-0.39243576,0.018784642
0.079636118,-0.399053534,0.018775952
0.030861362,-0.411948388,0.018804343
0.061184471,-0.411209615,0.018775302
0.071636335,-0.390537852,0.018755628
0.074575989,-0.423905542,0.018782321
0.068107897,-0.415198859,0.018771628
0.018856213,-0.422560668,0.018778631
0.057350405,-0.406767845,0.018747875
0.037264855,-0.41064763,0.018814059
0.067383068,-0.379865907,0.018773741
0.018658161,-0.43810444,0.018813378
0.078598899,-0.39876061,0.018835191
0.043084236,-0.42199163,0.018824782
0.080932651,-0.405540986,0.018773779
0.022492206,-0.428453105,0.018781379
0.044636422,-0.394449576,0.018775362
0.071375944,-0.432941137,0.01875692
0.019697208,-0.415813196,0.018746688
0.0559568,-0.397895956,0.018770609
0.072971211,-0.392205333,0.018788053
0.034542631,-0.371127157,0.018735393
0.035373186,-0.386502797,0.01875771
0.027295556,-0.438046582,0.01885874
0.008703226,-0.419307556,0.0187834
0.069323576,-0.42785997,0.018809282
0.053186725,-0.410304735,0.01874353
0.071903068,-0.433321035,0.018828794
0.010978595,-0.394317719,0.018792564
0.070755604,-0.381996114,0.018804815
0.066202362,-0.408998375,0.018773704
0.045483569,-0.447282732,0.01879523
0.021004856,-0.433832463,0.018756727
0.078110694,-0.42518504,0.018764129
0.03758354,-0.413319585,0.018786177
0.018935468,-0.416152178,0.018749152
0.048870683,-0.390707431,0.018770104
0.049049508,-0.383103818,0.018748584
0.035481231,-0.381926329,0.018752486
0.079194514,-0.396424924,0.018769572
0.033005468,-0.389064087,0.018798571
0.081741661,-0.395726987,0.018796967
0.018758577,-0.429357468,0.018828208
0.026164724,-0.384068746,0.018776367
0.043170546,-0.370598967,0.018754823
0.013926659,-0.399978078,0.01878282
0.05951658,-0.393988858,0.018814413
0.038746819,-0.386206678,0.018754901
0.067491663,-0.430038307,0.01880271
0.016284741,-0.427449296,0.018762771
0.038057954,-0.390621548,0.018734503
0.081103885,-0.4039606,0.018803579
0.049402157,-0.398721754,0.01879324
0.013032693,-0.429580928,0.018803254
0.023653854,-0.375643801,0.018765056
0.019922866,-0.412328364,0.018827222
0.042971332,-0.437609038,0.018758688
0.054073919,-0.410115324,0.018764555
0.021373397,-0.438355842,0.018817194
0.076326513,-0.396483719,0.018788801
0.056077412,-0.370519621,0.018780967
0.010561662,-0.41085138,0.018798211
0.023922836,-0.395462731,0.018769162
0.03255559,-0.430992952,0.018828451
0.0540952,-0.372470384,0.018814181
0.037872322,-0.41750829,0.018806949
0.065484711,-0.378725175,0.018737782
0.039655871,-0.371457504,0.018732879
0.057442007,-0.387178572,0.018788373
0.044944861,-0.374388864,0.01873519
0.032953387,-0.371864561,0.018749141
0.021461496,-0.397072185,0.018773093
0.038269369,-0.376770113,0.018772507
0.054019054,-0.37996601,0.018766772
0.014504342,-0.395622295,0.018762109
0.043594749,-0.401134713,0.018789934
0.065972945,-0.407196217,0.018767211
0.072122508,-0.402561662,0.018767467
0.055108755,-0.402455365,0.018772032
0.040272634,-0.386600752,0.018746308
0.052047013,-0.442920417,0.01880809
0.06381319,-0.436735391,0.018756077
0.024276823,-0.407529528,0.018752118
0.02594883,-0.392270347,0.018759761
0.045216648,-0.41690086,0.018800262
0.054857974,-0.434239533,0.018783904
0.031824782,-0.391097539,0.018732927
0.053282121,-0.406776114,0.018806574
0.013858455,-0.3849658,0.018747729
0.05758275,-0.439860873,0.01881197
0.058059986,-0.406322582,0.01875492
0.063392722,-0.411889246,0.018788553
0.029856101,-0.394511471,0.01876096
0.067604265,-0.397230636,0.018744097
0.058289006,-0.420174966,0.018787168
0.035922401,-0.415558878,0.018736161
0.0529136,-0.420808025,0.018752462
0.008066546,-0.412861529,0.018796208
0.036503294,-0.388305393,0.018769803
0.053394889,-0.39464469,0.018762862
0.042727235,-0.437580472,0.018803086
0.070700574,-0.389542041,0.018817917
0.006891927,-0.41806905,0.018793913
0.054683517,-0.405901162,0.018769544
0.024857016,-0.380110067,0.018767277
0.059391407,-0.435555661,0.018806878
0.049320046,-0.445684681,0.018775833
0.015508344,-0.408449492,0.01873404
0.078917036,-0.423561315,0.018818346
0.032226037,-0.436952035,0.018749376
0.071160371,-0.399274284,0.018784091
0.065791832,-0.433694423,0.018751542
0.026739104,-0.378535327,0.018803397
0.057124263,-0.372595245,0.018761824
0.067262217,-0.42735714,0.018858226
0.046796222,-0.432963282,0.018807941
0.027774108,-0.437687258,0.018751775
0.053040313,-0.438801033,0.018764913
0.027411497,-0.384374744,0.018795454
0.009262101,-0.408063429,0.018761302
0.079926922,-0.390146974,0.018788794
0.017897036,-0.387415653,0.018794301
0.021340031,-0.404165825,0.01877785
0.047956537,-0.3976876,0.01877443
0.084259674,-0.411179546,0.018773002
0.028872743,-0.372901984,0.018769264
0.069980444,-0.409534981,0.0188151
0.015053334,-0.430491166,0.018804137
0.04062676,-0.421504406,0.018801329
0.080481381,-0.391285456,0.018761628
0.034932889,-0.370549623,0.018801202
0.064105019,-0.378505021,0.018776676
0.078235671,-0.391503453,0.018758822
0.057038758,-0.37298693,0.018742894
0.039225317,-0.42796514,0.018801696
0.007100586,-0.403501313,0.018768537
0.059461366,-0.409169136,0.018782592
0.0484489,-0.379783934,0.018712505
0.016561836,-0.413928679,0.018805152
0.020412697,-0.384919858,0.018767479
0.024822885,-0.380027927,0.018781079
0.046002866,-0.443697333,0.018811604
0.076449802,-0.397748788,0.018753614
0.005627618,-0.408795337,0.018799451
0.070317189,-0.394069104,0.018835259
0.052241309,-0.409891954,0.018760984
0.031043269,-0.403866491,0.018773279
0.023905598,-0.393032383,0.018753368
0.022955269,-0.424005424,0.018787402
0.074283233,-0.416712658,0.018782935
0.033501464,-0.399709211,0.01875446
0.061946109,-0.392067683,0.018790255
0.054985551,-0.432663342,0.018799858
0.050038763,-0.435762091,0.018755721
0.037294505,-0.383353279,0.018752342
0.012808626,-0.402039685,0.01880024
0.018195301,-0.435246368,0.018781972
0.023835302,-0.41892244,0.018767297
0.032934629,-0.437033977,0.018760397
0.057948313,-0.414619977,0.018755233
0.051422769,-0.390480987,0.018768363
0.059692011,-0.440091092,0.018805507
0.059385065,-0.420433265,0.018774443
0.049049202,-0.44143657,0.018794562
0.058338125,-0.426958293,0.018761791
0.012632473,-0.422436154,0.018769495
0.048570469,-0.417441444,0.018769612
0.043990482,-0.432835768,0.018796508
0.057306402,-0.380294975,0.01878465
0.067758978,-0.414879077,0.018819181
0.071456019,-0.383009825,0.018770037
0.081071872,-0.417857396,0.018810508
0.029119488,-0.438954609,0.018795458
0.024227827,-0.407776798,0.018744975
0.024431506,-0.436394293,0.018770348
0.044819154,-0.41760726,0.018753859
0.029375147,-0.388359098,0.018743184
0.058437804,-0.406498701,0.01879882
0.054518433,-0.404093021,0.018759461
0.071273683,-0.392782858,0.018765983
0.029102715,-0.403876761,0.018779934
0.060129002,-0.444645754,0.018829049
0.036574324,-0.387695751,0.018817086
0.050812957,-0.403456259,0.018809287
0.059366283,-0.408888567,0.018744363
0.025674176,-0.400167849,0.018790646
0.035759036,-0.435662481,0.018802184
0.025502419,-0.38725154,0.018756392
0.05497059,-0.438329916,0.018837912
0.073201674,-0.399527236,0.018758613
0.059631449,-0.432693149,0.018784972
0.059933014,-0.373523177,0.018786359
0.072844523,-0.401942602,0.018805814
0.02904579,-0.423425246,0.018786629
0.027398046,-0.378467456,0.01875963
0.07740924,-0.422887731,0.018802131
0.034982803,-0.396966961,0.018763858
0.013225669,-0.400274839,0.018767272
0.073031206,-0.436093645,0.018798897
0.045541815,-0.390463409,0.018751974
0.01785938,-0.436988129,0.018812778
0.010969474,-0.388273472,0.018778257
0.081213891,-0.392460373,0.01878976
0.07310191,-0.426217589,0.018787784
0.051595411,-0.383467379,0.018774997
0.068353642,-0.389680444,0.018827651
0.03853295,-0.427018989,0.018789505
0.050423053,-0.431743173,0.018774246
0.019425409,-0.426360428,0.018769461
0.043392884,-0.392151787,0.018751825
0.043860776,-0.446489367,0.018832005
0.046428821,-0.418960461,0.018788854
0.035176529,-0.415594898,0.018779149
0.075287662,-0.422671782,0.018783865
0.026074914,-0.437550049,0.018772008
0.06227267,-0.388345209,0.018806383
0.017527548,-0.43696548,0.018764451
0.072520819,-0.402144889,0.018803158
0.064328547,-0.441944992,0.018791698
0.049284112,-0.383807331,0.018804168
0.047282679,-0.422921738,0.018781076
0.04188983,-0.419046955,0.018781972
0.042753022,-0.435129219,0.018775341
0.066062887,-0.393834,0.018771315
0.035231115,-0.397989366,0.018771932
0.021525736,-0.411557548,0.018774316
0.021697971,-0.383596037,0.018762168
0.055624608,-0.390074399,0.018797339
0.035953386,-0.430397054,0.018795938
0.069951025,-0.418174236,0.018764007
0.031210302,-0.435903705,0.018785679
0.029332334,-0.430553449,0.018773526
0.015029772,-0.410715516,0.018763122
0.024718035,-0.382661552,0.018796198
0.065793072,-0.387124049,0.018765382
0.049547005,-0.376772882,0.018769304
0.068068739,-0.438593689,0.018812275
0.025853453,-0.392805446,0.018822867
0.039371081,-0.428608139,0.018800207
0.025447995,-0.432868531,0.018759682
0.03285789,-0.432422783,0.018780521
0.008838291,-0.398120519,0.018790179
0.058053828,-0.371700953,0.018742085
0.062081599,-0.395245717,0.018771281
0.053039121,-0.401297307,0.018738571
0.063364513,-0.409363425,0.018757576
0.031666046,-0.388943911,0.018782518
0.049128511,-0.384920971,0.018803948
0.046230537,-0.407591731,0.018801048
0.047974366,-0.423990259,0.018755934
0.021405472,-0.425409181,0.018773646
0.006442354,-0.402423086,0.018761222
0.023023035,-0.41467838,0.018813162
0.041952607,-0.432239707,0.018801713
0.046080056,-0.403665644,0.01876789
0.051130498,-0.440657037,0.01878971
0.053387993,-0.439185536,0.018777267
0.028445259,-0.443972116,0.018767739
0.040780472,-0.420611978,0.018738616
0.065731463,-0.405933309,0.018784914
0.025255554,-0.416938626,0.018776128
0.066796617,-0.387865078,0.018741936
0.020707963,-0.398750243,0.018756144
0.050127512,-0.393522971,0.018783947
0.034218026,-0.417857409,0.01876242
0.025580242,-0.393669537,0.018784209
0.040947011,-0.436145082,0.018794253
0.04796122,-0.433153473,0.018802739
0.050539231,-0.429287354,0.018734169
0.061114883,-0.398928623,0.018753862
0.037645669,-0.408369358,0.018796867
0.069271562,-0.427491137,0.018758763
0.049567184,-0.427011212,0.018790197
0.05125484,-0.412086776,0.018748514
0.049420766,-0.408003851,0.018788208
0.025489967,-0.430261045,0.018761286
0.079418818,-0.42271212,0.018764918
0.047250507,-0.426689716,0.018782477
0.052337285,-0.430193707,0.018773107
0.044687616,-0.398624724,0.018774052
0.015875093,-0.406128048,0.018770983
0.055938003,-0.422756587,0.018773213
0.024928805,-0.437817789,0.018749876
0.03478657,-0.382163689,0.018778205
0.054412511,-0.41367062,0.018787491
0.010446961,-0.410649764,0.018770354
0.046967813,-0.420874473,0.018784412
0.037109553,-0.413048739,0.018766099
0.078200612,-0.428669153,0.018772358
0.082552023,-0.407400134,0.018765526
0.01987243,-0.390548949,0.018807612
0.071591448,-0.418013565,0.018815526
0.063557397,-0.391451372,0.018792695
0.03266537,-0.373846526,0.018796342
0.059474442,-0.378745543,0.018775438
0.055165763,-0.415297869,0.018798318
0.019200154,-0.425736531,0.018756292
0.01983871,-0.429674363,0.018795954
0.008578782,-0.402750726,0.018741581
0.054825806,-0.398119722,0.018806057
0.034552169,-0.406974649,0.018776633
0.070664908,-0.391503494,0.018742735
0.030254253,-0.394928516,0.018769039
0.028843228,-0.408160504,0.018759457
0.036726253,-0.438229922,0.018801385
0.021647,-0.432805667,0.018764592
0.01413084,-0.400528315,0.018786793
0.064130832,-0.419277328,0.018782649
0.075108347,-0.411547164,0.018757307
0.081065534,-0.42333055,0.018788102
0.042050517,-0.38369116,0.018762212
0.039226028,-0.41864281,0.018836777
0.048550209,-0.438794766,0.018783135
0.051262118,-0.420102025,0.018751869
0.056383549,-0.411953583,0.018747987
0.050538806,-0.408618746,0.018789845
0.061546735,-0.408096259,0.018770142
0.030738136,-0.398046606,0.018748109
0.011737551,-0.42113227,0.018767302
0.052750991,-0.430115067,0.018781838
0.011093776,-0.405101232,0.018770671
0.06094405,-0.379921444,0.018789071
0.063352553,-0.439119631,0.018820802
0.019239871,-0.413573313,0.018727283
0.014465256,-0.384129851,0.018763692
0.038374842,-0.377238306,0.018766847
0.045832106,-0.43683733,0.01881594
0.041275532,-0.41392753,0.018757814
0.076899027,-0.42181942,0.018763143
0.04314874,-0.402057624,0.018768001
0.015975676,-0.40511017,0.018769669
0.077609431,-0.390720894,0.018801548
0.008326833,-0.416988594,0.018807658
0.020029308,-0.431268468,0.018762823
0.076574458,-0.415111861,0.01878361
0.017279136,-0.380600994,0.018813118
0.017794566,-0.401616678,0.018799546
0.06538992,-0.391685777,0.018734701
0.037835852,-0.38669657,0.018778719
0.045157834,-0.395194629,0.018774906
0.028787209,-0.374516976,0.018774045
0.011195924,-0.410872081,0.018810259
0.02560797,-0.389978738,0.018787248
0.082976504,-0.414946012,0.018796531
0.030817399,-0.394192032,0.018749102
0.057032514,-0.414516756,0.018777807
0.064022242,-0.376432833,0.018767532
0.038824686,-0.432458312,0.018818039
0.03906812,-0.390691745,0.018744044
0.052017572,-0.377407068,0.018784332
0.041893915,-0.418313004,0.018831557
0.035248202,-0.397362345,0.01876381
0.033991296,-0.390452933,0.018775321
0.022891308,-0.381070037,0.0187493
0.024338979,-0.43109431,0.018803185
0.050056066,-0.420639845,0.018768451
0.039213265,-0.42067817,0.01876627
0.0419097,-0.382396657,0.018753507
0.042689818,-0.395579469,0.018798196
0.031320136,-0.432053282,0.018811515
0.027411054,-0.423293688,0.018770133
0.029785056,-0.433075354,0.018778496
0.01372164,-0.39263259,0.018795096
0.070287045,-0.38995458,0.01878298
0.069393211,-0.382547227,0.018750839
0.042749212,-0.400047244,0.018766679
0.061150316,-0.43585171,0.01878667
0.0119573,-0.406919169,0.018768328
0.074973322,-0.424481087,0.018836213
0.046584582,-0.369828719,0.018821377
0.072305146,-0.408452298,0.018792902
0.024882122,-0.416262313,0.018747984
0.057860771,-0.398684787,0.018755698
0.028983562,-0.426583348,0.018763379
0.043585759,-0.412575809,0.018773908
0.061452435,-0.38325339,0.018760722
0.053550274,-0.401389145,0.018784471
0.065343691,-0.441130507,0.018827125
0.053055214,-0.37483869,0.018799793
0.057676391,-0.436656765,0.018841388
0.064912017,-0.425522669,0.018811141
0.016999785,-0.40928932,0.018762171
0.074261238,-0.419283158,0.018793125
0.012385038,-0.401541922,0.01880186
0.050844482,-0.424288764,0.018780686
0.067438867,-0.421809079,0.018749902
0.077220582,-0.401085499,0.018755462
0.048662376,-0.397999013,0.018788888
0.041474627,-0.396154974,0.018731525
0.074137028,-0.412006026,0.018747799
0.038904523,-0.406477319,0.018770793
0.05333544,-0.371964504,0.018764683
0.021208033,-0.440022124,0.018838922
0.030684496,-0.417921342,0.018723698
0.063145806,-0.379834602,0.018777008
0.027760201,-0.416361353,0.018768834
0.068928011,-0.414424265,0.018784099
0.024285279,-0.420609932,0.018760557
0.035904089,-0.383564258,0.018759711
0.010252139,-0.422061114,0.018795218
0.059545956,-0.422105011,0.018779394
0.034146872,-0.4069178,0.018753888
0.075671712,-0.421313634,0.018774875
0.040075555,-0.399462451,0.018742754
0.060542855,-0.430615861,0.018782852
0.053355042,-0.378984227,0.01875319
0.015959712,-0.399735466,0.018775205
0.014825893,-0.396181495,0.018755286
0.028023666,-0.43374743,0.018795769
0.049008103,-0.400745032,0.018727818
0.037845932,-0.416886652,0.01877128
0.011271323,-0.404390681,0.018789411
0.032168981,-0.38502645,0.018775458
0.033273267,-0.415621721,0.018811797
0.02625049,-0.433463048,0.018778308
0.03055969,-0.389141988,0.018757572
0.052977003,-0.411652131,0.018794162
0.017562754,-0.431815252,0.018758806
0.035047482,-0.424199729,0.018780341
0.027679865,-0.373830852,0.018817106
0.014462488,-0.420385539,0.018852287
0.019139326,-0.386594744,0.018724346
0.041550036,-0.428239325,0.01880266
0.053619968,-0.442493971,0.01876574
0.066229799,-0.406042351,0.018772703
0.068243846,-0.435955378,0.01876734
0.063091899,-0.40110034,0.018778584
0.016357093,-0.382765437,0.018765993
0.059514634,-0.437814224,0.018811112
0.032068876,-0.436979876,0.018747787
0.021675442,-0.415005946,0.018750515
0.029996834,-0.389378617,0.018788999
0.046224117,-0.405304544,0.018778579
0.063370813,-0.437400642,0.018793814
0.014421329,-0.400258196,0.018757007
0.01836133,-0.421417848,0.018738506
0.042240177,-0.403137057,0.018773372
0.059843532,-0.402466176,0.018750595
0.053751269,-0.410852257,0.018753198
0.030949267,-0.441344704,0.018806381
0.065675304,-0.433016827,0.018753015
0.023205781,-0.3848076,0.018794956
0.039430544,-0.427515223,0.018820609
0.022685952,-0.393757974,0.018793786
0.078851114,-0.390830259,0.018783545
0.028249925,-0.428048213,0.018799597
0.063831033,-0.442153132,0.018777871
0.029861074,-0.437584613,0.01877741
0.058042541,-0.442638279,0.018787385
0.01335627,-0.411595061,0.018766279
0.032890074,-0.417395388,0.018751627
0.067710583,-0.426782496,0.018761636
0.064351614,-0.435018954,0.018749927
0.0488812,-0.397084708,0.018758569
0.018216868,-0.42425107,0.018822101
0.068074495,-0.387139192,0.018781803
0.02662914,-0.419517899,0.018815446
0.015395815,-0.410671321,0.01879205
0.081501087,-0.397007941,0.018805392
0.061903659,-0.436798728,0.018811881
0.080187225,-0.427400034,0.018764948
0.025130913,-0.427863392,0.018768499
0.037944508,-0.392687658,0.018770075
0.007272469,-0.398923742,0.018756327
0.074942701,-0.404339846,0.018808694
0.04681149,-0.439195653,0.018810898
0.043301492,-0.400126689,0.018759829
0.021738966,-0.435886864,0.0187591
0.040399312,-0.379381159,0.018800041
0.059881316,-0.413447108,0.018808583
0.062963752,-0.434256873,0.018776538
0.018361713,-0.37984979,0.018820532
0.045192182,-0.42170117,0.018820273
0.059942849,-0.444487474,0.018790898
0.014728251,-0.41896713,0.018761281
0.051762152,-0.417615228,0.018774595
0.054665085,-0.429536099,0.018754816
0.036913117,-0.446540821,0.018782233
0.0112396,-0.388238359,0.018811612
0.029926784,-0.404670562,0.018781351
0.06096488,-0.404447281,0.018771115
0.012831567,-0.409118921,0.018761509
0.025373955,-0.386503392,0.018746466
0.049429542,-0.376525061,0.018757598
0.065444045,-0.441167735,0.018813442
0.016845684,-0.417828456,0.018782166
0.047625483,-0.406181971,0.018745315
0.022492283,-0.410864029,0.018756382
0.0443083,-0.383382007,0.018779214
0.01113199,-0.417164464,0.018793875
0.034922724,-0.435821963,0.018774724
0.053971234,-0.373271336,0.018775402
0.067243268,-0.426968119,0.018816761
0.06675603,-0.439361429,0.01877115
0.024242515,-0.427193937,0.018733323
0.006850905,-0.412544896,0.018759999
0.084721899,-0.413857602,0.018793064
0.05219201,-0.412034114,0.018762064
0.065136422,-0.432424636,0.018792896
0.050322219,-0.404370877,0.018755231
0.01834551,-0.384076329,0.018769854
0.054938657,-0.39956362,0.018791594
0.029114152,-0.442435375,0.018790685
0.064592162,-0.382805793,0.018795273
0.039677208,-0.439066089,0.018792961
0.041774101,-0.396941882,0.018787344
0.019363724,-0.398390124,0.01875105
0.071385583,-0.384810634,0.018758904
0.020318071,-0.398444284,0.018792309
0.06546919,-0.420893867,0.018799338
0.074059279,-0.403863259,0.018776378
0.027129597,-0.441771877,0.018811119
0.059907265,-0.420925461,0.01880178
0.060298941,-0.400867964,0.018753319
0.025951666,-0.407313223,0.018763684
0.055066286,-0.437731415,0.018791076
0.047530939,-0.372114848,0.018843126
0.018606927,-0.391506709,0.018787224
0.052762888,-0.377837213,0.018734857
0.069246435,-0.377439093,0.018748518
0.034903689,-0.417877891,0.018776227
0.053454967,-0.416634409,0.018769678
0.044737168,-0.424270657,0.018744104
0.014627493,-0.397189344,0.018762189
0.045343325,-0.434569581,0.018802175
0.074760009,-0.401234675,0.018747246
0.076016728,-0.425455396,0.018778112
0.055887518,-0.420187703,0.018770546
0.07812966,-0.413411192,0.018784469
0.047784649,-0.39493325,0.018751666
0.073843168,-0.38480996,0.018753652
0.073520647,-0.389067494,0.018813669
0.075971663,-0.395697405,0.018751753
0.041754044,-0.405750391,0.018747765
0.024677098,-0.386272711,0.01875769
0.057287649,-0.389055656,0.01875572
0.032284195,-0.391741494,0.018794477
0.025547408,-0.440273881,0.018828583
0.057955243,-0.380781727,0.018797307
0.082134236,-0.417994225,0.01879418
0.060257588,-0.442916431,0.01877571
0.019350836,-0.418445876,0.018764031
0.080360862,-0.422303839,0.018795597
0.038146871,-0.41467086,0.018772405
0.015421116,-0.431994263,0.018762137
0.040039161,-0.438003737,0.018775448
0.05218383,-0.42396762,0.018755555
0.059932849,-0.406627422,0.018759526
0.056064963,-0.422642665,0.01877024
0.030594126,-0.443990061,0.018771943
0.039174955,-0.376213154,0.018793604
0.063887782,-0.424135192,0.018831792
0.056346414,-0.392425058,0.018767421
0.041423332,-0.421430942,0.018795914
0.036676219,-0.375134923,0.018746611
0.078971557,-0.406237715,0.018773246
0.070409744,-0.39348932,0.018765893
0.019472398,-0.432238705,0.018787769
0.050738777,-0.437809398,0.018764228
0.030341108,-0.42451947,0.018775718
0.055940571,-0.379212987,0.018756304
0.01628002,-0.406883905,0.018772556
0.018715993,-0.418707938,0.01875326
0.015037713,-0.420435449,0.018813983
0.029231528,-0.378986688,0.018756487
0.032445885,-0.385249582,0.018775879
0.074539051,-0.41489467,0.018825168
0.006215016,-0.406483977,0.018823999
0.016321128,-0.391238837,0.018725309
0.058311618,-0.412227962,0.018796667
0.031410364,-0.393561284,0.018783938
0.044822903,-0.39270183,0.018798372
0.05824062,-0.385234885,0.018776326
0.037707098,-0.374374564,0.018784466
0.051867149,-0.395463636,0.018792316
0.033267886,-0.386049677,0.018776275
0.048967453,-0.435376446,0.018828732
0.042868954,-0.437177606,0.018785299
0.057087415,-0.439813493,0.018747425
0.075756033,-0.430304665,0.01874147
0.053611931,-0.382448963,0.018763627
0.059794008,-0.41734829,0.018823485
0.038602962,-0.409681923,0.018784645
0.069469728,-0.395239244,0.018770599
0.069209465,-0.409612294,0.018808865
0.030979009,-0.419392004,0.018778358
0.07971755,-0.40255074,0.01876419
0.038347308,-0.387148218,0.018722816
0.039332358,-0.425615379,0.018783168
0.037297695,-0.416144305,0.018738607
0.068129536,-0.403820311,0.018766716
0.056101357,-0.381828311,0.018757183
0.043661433,-0.3791097,0.018778646
0.054649045,-0.41027633,0.018800784
0.046683988,-0.443765546,0.018806518
0.042562364,-0.440567285,0.018750889
0.039899503,-0.432622045,0.018766442
0.082539646,-0.400571733,0.018751899
0.054891309,-0.379878288,0.018770739
0.067396823,-0.402013487,0.018785788
0.02990528,-0.397174433,0.01875692
0.074998282,-0.414786161,0.018792277
0.025077618,-0.390327363,0.018742824
0.058471281,-0.38292247,0.018747589
0.067666083,-0.390574976,0.018801938
0.068742174,-0.40442322,0.018809057
0.018903476,-0.405773304,0.01874343
0.055096281,-0.372616486,0.018756819
0.017891915,-0.436783549,0.018775348
0.024456074,-0.381502592,0.018742221
0.019388897,-0.436695715,0.018853393
0.033656401,-0.444166301,0.018765022
0.070359972,-0.394388994,0.018813671
0.080955863,-0.40399831,0.018734106
0.046680632,-0.385493771,0.018776146
0.033890639,-0.441162553,0.018851214
0.052441214,-0.437252292,0.018776077
0.054569674,-0.408568798,0.018758557
0.01953875,-0.43284248,0.01878575
0.016510319,-0.392883458,0.018741584
0.014815904,-0.383414947,0.018761112
0.023381086,-0.401591181,0.018766861
0.069930042,-0.399189721,0.018775245
0.040073711,-0.372307692,0.01878652
0.0470315,-0.392496852,0.018775912
0.04223262,-0.444853228,0.018839713
0.04529069,-0.407851147,0.018743005
0.065683014,-0.3956687,0.018787675
0.034352097,-0.433119722,0.018796814
0.035854559,-0.423129515,0.018761524
0.027640005,-0.437030985,0.018794396
0.074052077,-0.393105171,0.018828656
0.056021932,-0.39214545,0.018796093
0.037997015,-0.426627035,0.018807682
0.082523808,-0.399204169,0.018766561
0.04947153,-0.419587768,0.018791324
0.007151944,-0.415679759,0.018807635
0.055907554,-0.410306165,0.018789656
0.066609062,-0.440102016,0.018756834
0.02047529,-0.403508472,0.018726047
0.039994418,-0.425263471,0.018781531
0.021086711,-0.378414963,0.018747485
0.065914201,-0.431633166,0.018794755
0.012456243,-0.410274016,0.018780735
0.057661184,-0.414652328,0.018761528
0.066784798,-0.397205304,0.018725147
0.083706131,-0.401249008,0.018754415
0.073049836,-0.383069392,0.018773139
0.060155686,-0.392027559,0.018765235
0.064169107,-0.430752675,0.018779239
0.044105727,-0.373659938,0.018791548
0.024889997,-0.410583027,0.018818757
0.040365655,-0.390173063,0.018772087
0.05316479,-0.427630733,0.018782464
0.069892535,-0.398236698,0.018761508
0.015364568,-0.383566358,0.018738636
0.061737557,-0.443044584,0.018804102
0.07699161,-0.393153346,0.018784254
0.021655819,-0.431472695,0.018791099
0.052645458,-0.388664295,0.018775214
0.036697799,-0.418604964,0.018795256
0.070924685,-0.385583085,0.018775899
0.029717415,-0.376069671,0.018765789
0.082608717,-0.410307674,0.018795886
0.058248668,-0.435822153,0.018784906
0.027185837,-0.392234262,0.018730708
0.027609833,-0.399228734,0.018807462
0.084736989,-0.408226796,0.018787811
0.067233577,-0.41453265,0.018767811
0.063595229,-0.393745639,0.01875029
0.028144202,-0.432667708,0.018819998
0.035744363,-0.391055058,0.018755975
0.060575192,-0.387327251,0.018754604
0.046416077,-0.381189681,0.018783794
0.050232412,-0.411175737,0.018777831
0.057310118,-0.416358108,0.018762545
0.03992801,-0.380132056,0.018786591
0.043884033,-0.423774068,0.018802866
0.056250175,-0.386973554,0.018770967
0.014393522,-0.428544907,0.018812262
0.037891439,-0.410389142,0.018736588
0.013856304,-0.396240841,0.018781903
0.044479089,-0.409459611,0.018782684
0.02070172,-0.402844348,0.01878895
0.073786622,-0.431612308,0.01884976
0.058813842,-0.409063023,0.018781825
0.017665649,-0.410538653,0.018794172
0.047900224,-0.432370316,0.01877493
0.029173927,-0.408143956,0.018757632
0.032335926,-0.374966983,0.018767817
0.06030591,-0.397997649,0.018778869
0.067188668,-0.382816217,0.018747339
0.040078908,-0.397622059,0.018738885
0.023141723,-0.425110189,0.018779008
0.028282511,-0.412783976,0.018778513
0.015081306,-0.404057878,0.018774495
0.043217896,-0.384875561,0.018735185
0.067862405,-0.432005087,0.018842658
0.039614495,-0.387728253,0.018759011
0.046697078,-0.374648465,0.018752334
0.038129043,-0.432176051,0.01882746
0.056864534,-0.400627426,0.018740131
0.077459885,-0.393522205,0.018813052
0.008387217,-0.39549844,0.018792986
0.075416133,-0.40095575,0.018782432
0.047402754,-0.415452164,0.018765508
0.021007161,-0.426804668,0.018746853
0.041426017,-0.416486984,0.018805264
0.043165954,-0.387800701,0.018781254
0.029450306,-0.421999964,0.018787941
0.064761539,-0.430149146,0.018740527
0.014083388,-0.4067471,0.018741827
0.019911824,-0.418574002,0.018765412
0.053938739,-0.425375775,0.018751479
0.027711373,-0.396110601,0.018784433
0.05045377,-0.384843438,0.018754344
0.021904103,-0.381876042,0.018751291
0.030267807,-0.381212849,0.018775126
0.067537887,-0.409029118,0.018822252
0.075072207,-0.393388071,0.018760956
0.03644056,-0.445334471,0.018806678
0.067184225,-0.410039105,0.018779697
0.029174027,-0.395270409,0.018791056
0.021071579,-0.387785921,0.018749063
0.079161047,-0.421536872,0.018800078
0.034964364,-0.410875023,0.018741255
0.03639409,-0.390514744,0.01874076
0.033517764,-0.415933119,0.018776626
0.056083401,-0.416451164,0.018784721
0.017694212,-0.384270758,0.018765928
0.073150963,-0.414527623,0.018805041
0.030978478,-0.382545087,0.018752694
0.057769137,-0.382503819,0.018739886
0.013793739,-0.404771732,0.018774696
0.011795701,-0.41263783,0.018767922
0.029817542,-0.430306676,0.018771871
0.041773939,-0.374523824,0.018780394
0.031627415,-0.407884464,0.018786685
0.037400507,-0.427418723,0.018760905
0.059325872,-0.372325633,0.018782982
0.05907347,-0.43652569,0.018793252
0.054401966,-0.434061532,0.01876056
0.05859586,-0.403142875,0.018761914
0.046353775,-0.433442197,0.018793907
0.024403385,-0.429576706,0.0187718
0.065052591,-0.426253527,0.018754414
0.073868595,-0.399787642,0.018791762
0.075796117,-0.417720328,0.01879825
0.052260732,-0.418293645,0.018789265
0.03928058,-0.413597534,0.018755818
0.018650139,-0.424888507,0.018775762
0.073934103,-0.405978926,0.018771476
0.042527322,-0.426561268,0.018787607
0.038821484,-0.419575505,0.018797022
0.075339908,-0.398920767,0.018759886
0.081872513,-0.422251439,0.018804833
0.014842381,-0.408011301,0.018823767
0.068778443,-0.41795192,0.018779127
0.072138734,-0.43265122,0.018761798
0.012922886,-0.409463081,0.018798291
0.033988934,-0.391125661,0.018739605
0.056728785,-0.42131094,0.018802163
0.042391162,-0.389013902,0.0187582
0.055429979,-0.433033097,0.018833799
0.06213668,-0.421445217,0.018758114
0.075611501,-0.412378774,0.018797701
0.038240901,-0.423206204,0.018818024
0.04003895,-0.391710649,0.018737335
0.010556341,-0.422620685,0.018789393
0.02736716,-0.375977078,0.018754987
0.063500367,-0.4153842,0.018808124
0.061056255,-0.400192972,0.018781143
0.03586457,-0.441429273,0.018799305
0.0260201,-0.410308699,0.018760467
0.080685445,-0.410106666,0.01875581
0.045559589,-0.391477668,0.0187815
0.017434331,-0.403660422,0.01876039
0.033268655,-0.39677007,0.018768118
0.037703344,-0.380374735,0.018791283
0.064303301,-0.420826921,0.018796559
0.059183353,-0.388638677,0.018780676
0.032654517,-0.410399225,0.018796392
0.018998856,-0.398536734,0.018731229
0.079701155,-0.424830574,0.018783586
0.082337419,-0.399784949,0.018784147
0.078536994,-0.410458135,0.018786625
0.046571474,-0.424184588,0.018778849
0.022401333,-0.388909646,0.018758424
0.058726937,-0.442845599,0.018801501
0.076078973,-0.42616117,0.018792496
0.051343681,-0.434870891,0.018771884
0.055212148,-0.403854173,0.018756129
0.043651466,-0.370845086,0.018801409
0.037782139,-0.418441864,0.018821228
0.026680558,-0.403524623,0.018758533
0.079984664,-0.407729385,0.018786221
0.022160324,-0.439297095,0.018806394
0.027911281,-0.405870777,0.018755054
0.063231438,-0.415840394,0.018757342
0.020093026,-0.384140769,0.018773014
0.02215689,-0.401396989,0.018785855
0.059451289,-0.376852572,0.018773926
0.050566957,-0.431651987,0.018794853
0.030313039,-0.417978397,0.018733835
0.035844307,-0.416210116,0.01877933
0.03504464,-0.39512893,0.018786587
0.043196122,-0.370326384,0.018797416
0.032984264,-0.419746358,0.018810168
0.01197517,-0.405250522,0.018765323
0.02380665,-0.421115416,0.018798398
0.026603429,-0.413228509,0.018743738
0.046790133,-0.423559417,0.018762377
0.080777561,-0.412358781,0.018727397
0.047291857,-0.429774297,0.018784026
0.07081339,-0.39295528,0.018779718
0.052763352,-0.394433405,0.018757587
0.035178911,-0.436381749,0.018822968
0.02785856,-0.390592586,0.018782839
0.052532088,-0.376021461,0.018723214
0.034370346,-0.380829514,0.018746822
0.045544233,-0.415382685,0.018776177
0.068062431,-0.394646377,0.018764894
0.026687962,-0.424288728,0.018792532
0.068434534,-0.42860168,0.018760186
0.048284281,-0.429022207,0.018759956
0.081226049,-0.415851371,0.018737947
0.029662429,-0.41126263,0.018750526
0.07603838,-0.419608049,0.018764808
0.035729107,-0.426113325,0.018757205
0.06401401,-0.380713705,0.018773341
0.013923164,-0.394915615,0.018795516
0.082328093,-0.416914305,0.018819061
0.03325381,-0.419829962,0.018733895
0.056506167,-0.371183703,0.018790458
0.015734774,-0.410282107,0.018837594
0.041061092,-0.401172911,0.018746691
0.056436022,-0.37259995,0.018733866
0.058233178,-0.379319804,0.018731638
0.030618094,-0.432209636,0.018843885
0.033882767,-0.37607369,0.018785754
0.047656913,-0.374060801,0.018798385
0.044694046,-0.404607237,0.018793089
0.009799894,-0.391636703,0.018776148
0.075621175,-0.433095887,0.018803732
0.021276302,-0.438890944,0.018791945
0.064208644,-0.442366122,0.018795667
0.057133806,-0.410589631,0.018754867
0.031941002,-0.40110471,0.018755002
0.019796161,-0.425197111,0.018839105
0.046513668,-0.445981806,0.018798988
0.03581505,-0.410608411,0.018764468
0.013455806,-0.425345135,0.018798965
0.070826931,-0.406408782,0.018795363
0.011188888,-0.390051824,0.018791074
0.05830234,-0.427309474,0.018837642
0.052702146,-0.416483373,0.018776008
0.026121929,-0.396573224,0.018760779
0.067139632,-0.38923877,0.018807459
0.039256412,-0.422046136,0.018790683
0.030797499,-0.381569343,0.018743767
0.040151206,-0.395873353,0.018806709
0.040517401,-0.380279718,0.018731966
0.045702509,-0.420552939,0.018815868
0.062298954,-0.415550725,0.018778875
0.081752467,-0.423550175,0.018752784
0.018678876,-0.402036266,0.01878724
0.005657179,-0.406794591,0.018744115
0.021526682,-0.409062354,0.018780745
0.017795433,-0.409470551,0.018790791
0.029017456,-0.4239985,0.018777226
0.0486107,-0.437103609,0.018834526
0.031190413,-0.378544026,0.018814686
0.055554482,-0.405437476,0.018796784
0.046079737,-0.374061261,0.018757591
0.025030165,-0.430402291,0.018787628
0.049022363,-0.390043981,0.018775289
0.057362357,-0.386617231,0.018758227
0.042727936,-0.403313921,0.018773978
0.015908369,-0.41154029,0.018748197
0.080977603,-0.391262771,0.018802609
0.078309265,-0.424461109,0.018793131
0.080679345,-0.391319281,0.018787844
0.03550775,-0.37120131,0.018761422
0.047920929,-0.3864681,0.018769693
0.039125092,-0.407298528,0.01878649
0.022149364,-0.394327376,0.018776638
0.034379662,-0.43299492,0.018768827
0.031751456,-0.40379498,0.018779202
0.081858865,-0.4180174,0.018796607
0.051790025,-0.394686685,0.018766701
0.046984297,-0.441049428,0.018801277
0.017421764,-0.391076177,0.01874876
0.048304611,-0.381729816,0.01878206
0.041875454,-0.437284917,0.018817983
0.032255435,-0.378378356,0.018827013
0.075282329,-0.396966843,0.018778258
0.057125876,-0.418436176,0.018778628
0.023811492,-0.436103867,0.018790399
0.014199429,-0.424166689,0.01879906
0.034650936,-0.429297962,0.018768344
0.018476436,-0.432976188,0.018769019
0.058146031,-0.405715939,0.018754833
0.03136538,-0.396244129,0.018770304
0.044090857,-0.392073429,0.018753371
0.040292844,-0.438800794,0.018820911
0.017253626,-0.436258612,0.018758166
0.067398713,-0.435254737,0.018751341
0.035073668,-0.437457182,0.018776173
0.010324553,-0.419221559,0.018750397
0.010394151,-0.414904616,0.018770543
0.071790867,-0.381112798,0.018793447
0.080685118,-0.425095787,0.018803779
0.075216091,-0.38984344,0.018754665
0.044163431,-0.433773322,0.018795486
0.02003673,-0.419379247,0.018737219
0.049199263,-0.417769712,0.018803603
0.041993638,-0.414591928,0.018750728
0.01971319,-0.406483916,0.018809374
0.067396158,-0.419164039,0.018768138
0.017208703,-0.424003512,0.018776806
0.02332549,-0.395256312,0.018789959
0.010366325,-0.415454474,0.018796228
0.069323371,-0.399065776,0.018791885
0.035062595,-0.418683573,0.018768013
0.035532789,-0.42277064,0.018756911
0.047498453,-0.413949742,0.018766711
0.024303932,-0.422762952,0.018794019
0.017398372,-0.393863895,0.018780008
0.064980315,-0.399503588,0.018752218
0.017791912,-0.385573144,0.018751003
0.065394265,-0.386430811,0.018775885
0.043614886,-0.369782296,0.018764986
0.06262849,-0.381165823,0.018801916
0.012353312,-0.414996348,0.018819113
0.040187446,-0.412458998,0.018728606
0.050945136,-0.407594626,0.018776846
0.037093836,-0.403713853,0.018785404
0.07984134,-0.411369837,0.01877031
0.079391342,-0.407527359,0.018786139
0.041957192,-0.41155603,0.018747466
0.031782171,-0.429751505,0.018751653
0.061587485,-0.381024852,0.018787228
0.053594661,-0.398267173,0.018805384
0.059076001,-0.445209544,0.018831681
0.078605909,-0.414539705,0.018767209
0.062532176,-0.395182533,0.018752505
0.055062237,-0.409371102,0.018807948
0.025492105,-0.439884031,0.018778732
0.053020235,-0.44446597,0.018746397
0.012837102,-0.409138016,0.018746464
0.012253499,-0.395820218,0.018754121
0.049306895,-0.445485192,0.018805911
0.077041226,-0.395457038,0.018756697
0.059974794,-0.378153376,0.018774062
0.070428451,-0.436835157,0.018804216
0.021270579,-0.404364564,0.018748904
0.010076503,-0.391036615,0.018755992
0.051163705,-0.410969408,0.018778742
0.077943582,-0.396663125,0.018742487
0.03664661,-0.434396266,0.018778972
0.015371308,-0.389140779,0.018757302
0.074504007,-0.414471827,0.01879825
0.06351552,-0.411724634,0.01878503
0.066326911,-0.395301832,0.01876939
0.051571124,-0.417591075,0.018787087
0.017282841,-0.418111737,0.018776936
0.067504093,-0.415556543,0.018762354
0.064666565,-0.422740908,0.018758268
0.058076903,-0.37316344,0.018766423
0.036134701,-0.393569571,0.018781613
0.043738145,-0.441830668,0.018819937
0.064376744,-0.403103992,0.018736435
0.019073274,-0.388268213,0.018786813
0.048815031,-0.370145907,0.018778022
0.06564186,-0.40464764,0.018804091
0.061682003,-0.388094485,0.018783301
0.041814043,-0.446332142,0.018797269
0.03306586,-0.392346036,0.018767214
0.015297895,-0.414677347,0.018758389
0.028378045,-0.386974928,0.018764468
0.038449411,-0.432894382,0.01879949
0.058519556,-0.388357142,0.018752735
0.032947763,-0.430390927,0.018782251
0.007491079,-0.403372264,0.018771222
0.074641642,-0.411807051,0.018776843
0.071996404,-0.422664614,0.018751472
0.070105197,-0.409816835,0.018746987
0.016019728,-0.412005306,0.018755863
0.063637038,-0.414332574,0.018767716
0.043849914,-0.41906705,0.018771211
0.050556411,-0.411701259,0.018756527
0.066946296,-0.433354401,0.018772885
0.055514713,-0.371404484,0.018809056
0.052412191,-0.373632171,0.018762392
0.034275379,-0.4313246,0.018828648
0.070499742,-0.430854839,0.01876445
0.053300623,-0.416741072,0.018775514
0.038035187,-0.391032088,0.018751485
0.059257929,-0.430977288,0.018777295
0.056262738,-0.442497957,0.018798351
0.034517485,-0.3914469,0.018770715
0.052481424,-0.378040328,0.018774823
0.07615295,-0.417720011,0.018848962
0.051512445,-0.394762613,0.018788487
0.068470173,-0.419410721,0.018776421
0.022845524,-0.390513218,0.018782112
0.070044654,-0.406564633,0.018790877
0.073226443,-0.400231159,0.018784191
0.064611957,-0.397881907,0.018760198
0.066691801,-0.418392878,0.018760045
0.046736269,-0.372823905,0.018791809
0.014465959,-0.396094679,0.018796757
0.045833301,-0.430346826,0.018821195
0.023949397,-0.422771535,0.018738071
0.058792529,-0.423523808,0.01876145
0.010065136,-0.393992082,0.018760436
0.065123937,-0.383310831,0.018772816
0.01606606,-0.404482573,0.018782305
0.024452423,-0.41303136,0.01878487
0.03618905,-0.383997667,0.018751784
0.008962745,-0.418350917,0.018768966
0.056267776,-0.43953552,0.018828633
0.047141313,-0.397971328,0.018777873
0.065636249,-0.435368267,0.018784915
0.008951639,-0.397106386,0.018829549
0.051620474,-0.380792875,0.018782138
0.037623217,-0.405227596,0.018776651
0.009301923,-0.402882828,0.018760997
0.042212705,-0.438526113,0.018786883
0.007374466,-0.409710512,0.01875141
0.034252201,-0.405616548,0.018764642
0.07063397,-0.383457187,0.018726692
0.019779136,-0.382198758,0.018732479
0.081331004,-0.404009976,0.018847799
0.061488151,-0.441269305,0.018760087
0.041688057,-0.374045167,0.018776379
0.032559416,-0.370687027,0.018766816
0.037419425,-0.419879915,0.018836514
0.030845272,-0.385442006,0.018751319
0.018227483,-0.403983047,0.018773918
0.018474788,-0.403200938,0.01878116
0.04611184,-0.377656982,0.018772447
0.042431122,-0.394218306,0.018838677
0.038035539,-0.429812112,0.018795533
0.026151364,-0.408539622,0.01875746
0.081286319,-0.412285489,0.018803904
0.040814801,-0.442560653,0.018783733
0.03629441,-0.424923043,0.018776972
0.057271943,-0.398018349,0.018775926
0.07171181,-0.403770306,0.018751102
0.035358419,-0.381027646,0.018741885
0.075052972,-0.397027026,0.018756708
0.052038826,-0.385394919,0.018763704
0.039780679,-0.435579237,0.018819943
0.067615033,-0.435537318,0.018754438
0.030148777,-0.442768408,0.01876066
0.042176834,-0.388272595,0.018806943
0.019411568,-0.435231399,0.01879387
0.063158289,-0.385295837,0.018801688
0.030360483,-0.427038188,0.018820043
0.064337472,-0.383962017,0.018773809
0.046894678,-0.390423462,0.018773594
0.052563229,-0.410603179,0.018769934
0.06753762,-0.394235262,0.018746543
0.025395501,-0.40905689,0.018791044
0.052241121,-0.392862003,0.018793883
0.026030783,-0.389493032,0.018776621
0.011651904,-0.419166032,0.018804745
0.062121002,-0.410317908,0.018788887
0.054863988,-0.373837499,0.018773614
0.063846128,-0.389698334,0.018772859
0.052638686,-0.415474795,0.018794834
0.063260093,-0.432366228,0.018780359
0.019817418,-0.419658894,0.018768446
0.032272552,-0.430492871,0.018781406
0.013617918,-0.394873442,0.018765336
0.061587653,-0.374713962,0.01873922
0.065255844,-0.432430174,0.018870321
0.042677393,-0.389992786,0.018747174
0.0302639,-0.391649948,0.018773957
0.081243012,-0.399101817,0.018759312
0.077529194,-0.386608156,0.0187494
0.049977588,-0.447099396,0.018792122
0.01823959,-0.422231069,0.018742032
0.009968659,-0.408136105,0.018750745
0.025306365,-0.383479152,0.018756178
0.015793808,-0.38427171,0.01879453
0.05301244,-0.443338677,0.018795246
0.057171691,-0.401134155,0.018766985
0.0300245,-0.422742819,0.018757711
0.058829626,-0.374380893,0.018747241
0.061377807,-0.373785177,0.018777581
0.020935266,-0.381677142,0.018776893
0.059872299,-0.427165353,0.018824463
0.060272713,-0.392145875,0.018769943
0.06362666,-0.382767917,0.018742992
0.051435176,-0.436193536,0.018836147
0.014093853,-0.393651427,0.018765267
0.077827596,-0.407421218,0.018838224
0.031292956,-0.388393265,0.01874698
0.062602053,-0.387261601,0.018775729
0.032716755,-0.373093772,0.01873965
0.079025888,-0.393965215,0.01880819
0.032741697,-0.445787067,0.018782978
0.057117184,-0.393444596,0.018777833
0.027343654,-0.422699742,0.018808766
0.068518401,-0.390720066,0.018772683
0.041811913,-0.409400451,0.018815774
0.038120211,-0.372841865,0.018744068
0.04586917,-0.443225971,0.01882314
0.014637076,-0.402230666,0.018759164
0.034996102,-0.431229065,0.018786564
0.007227287,-0.419449774,0.018744473
0.067624884,-0.421264333,0.018809016
0.027715328,-0.393412949,0.018785727
0.032417085,-0.392788266,0.018767243
0.069156797,-0.435708331,0.018803122
0.022742853,-0.390989648,0.018816306
0.026254326,-0.383567381,0.018765218
0.050036162,-0.383088459,0.018759373
0.01316221,-0.405387432,0.018776253
0.045913445,-0.390314254,0.018758138
0.058636213,-0.37938003,0.018778116
0.067023547,-0.438163962,0.018829026
0.020072287,-0.417639145,0.01876888
0.034734981,-0.398090371,0.018768737
0.036516618,-0.44663096,0.018820962
0.054129008,-0.423222401,0.018777168
0.071865854,-0.432128378,0.01875959
0.052855402,-0.41299199,0.018759296
0.051880492,-0.44214243,0.018790659
0.014053144,-0.3955866,0.018793565
0.025386082,-0.435458268,0.018808233
0.028907807,-0.388144057,0.01874957
0.061538442,-0.388228084,0.018764785
0.042405799,-0.375702664,0.018760986
0.019338144,-0.378741832,0.018759806
0.041960616,-0.429712466,0.018829033
0.082570549,-0.404806413,0.018750357
0.018744192,-0.387935401,0.018789958
0.05524248,-0.425248816,0.018802447
0.061722749,-0.421737578,0.018782984
0.077758644,-0.420438648,0.018792498
0.06585399,-0.391291996,0.018746579
0.066268691,-0.382211642,0.018787284
0.072635115,-0.431691467,0.018820388
0.010529344,-0.418697443,0.018807975
0.023481731,-0.42835706,0.018766085
0.053552249,-0.44219404,0.018785349
0.031955528,-0.43403609,0.018774696
0.074560774,-0.393469303,0.018773992
0.07708657,-0.402308761,0.018768065
0.070259833,-0.435139168,0.018770266
0.013611856,-0.425926831,0.018764269
0.046773012,-0.392965814,0.018742305
0.041363904,-0.440399702,0.018854095
0.0251459,-0.429481073,0.018762685
0.03537312,-0.429891613,0.018730425
0.057274305,-0.401618369,0.018774368
0.0587436,-0.383020878,0.018786635
0.030921022,-0.373573701,0.018768651
0.046227558,-0.415821374,0.018824981
0.042430981,-0.38081454,0.018738221
0.013237138,-0.414306455,0.018785556
0.04606935,-0.431198372,0.018747003
0.042384535,-0.439313957,0.018750462
0.074545475,-0.397171198,0.018794921
0.042168812,-0.413640254,0.018771336
0.063349649,-0.374238088,0.018780745
0.049019186,-0.407865579,0.018797764
0.037498957,-0.421692455,0.018791815
0.025576001,-0.428122272,0.018767636
0.049099257,-0.446552182,0.018777256
0.078647239,-0.411432808,0.018752312
0.081626603,-0.403399568,0.018789449
0.055921484,-0.377055171,0.018754157
0.079665301,-0.422186242,0.018784309
0.024148806,-0.431374786,0.018745548
0.063001122,-0.395497669,0.018772416
0.02634149,-0.409516125,0.018778742
0.064165318,-0.441810573,0.018798636
0.017650306,-0.395259005,0.018825955
0.044330355,-0.411397292,0.018777507
0.059700033,-0.443683054,0.018799253
0.056154168,-0.400713433,0.018797765
0.037800118,-0.425883022,0.018766723
0.026325015,-0.420030017,0.018770397
0.050199655,-0.433219915,0.018773852
0.020596434,-0.430020434,0.01876261
0.038226594,-0.425712523,0.018746349
0.048064752,-0.438902587,0.018772625
0.039700038,-0.393112023,0.018742134
0.029733448,-0.432399994,0.01882712
0.019021024,-0.401760697,0.01876407
0.034953201,-0.387651952,0.018749745
0.015028126,-0.408628751,0.018798733
0.059276929,-0.39782956,0.018777141
0.009724393,-0.40203657,0.018770269
0.006714677,-0.401886929,0.018756138
0.078716657,-0.429058171,0.018789744
0.045104322,-0.387880542,0.018789301
0.078907687,-0.410350981,0.018792471
0.057256578,-0.438260613,0.018785911
0.063549431,-0.388399963,0.018808959
0.017394715,-0.422146985,0.018792644
0.049597995,-0.394918935,0.018736272
0.060202472,-0.444648171,0.018809279
0.019185813,-0.386808073,0.018803958
0.031233024,-0.399571138,0.018799012
0.073543593,-0.39920198,0.018765933
0.036151094,-0.420422583,0.018750161
0.029022663,-0.442453632,0.018775917
0.077177606,-0.389307453,0.018810151
0.073642818,-0.400044768,0.018770186
0.019079723,-0.430782307,0.018798746
0.02372045,-0.434843849,0.018786422
0.033067238,-0.422410267,0.01874441
0.07317288,-0.407153896,0.018735264
0.046543741,-0.370332864,0.018771567
0.04013199,-0.384678242,0.018782874
0.027663578,-0.44279321,0.018798967
0.052173217,-0.402241139,0.018773933
0.061736204,-0.432001449,0.018805997
0.023122525,-0.434628661,0.01874549
0.018944319,-0.41056858,0.018787516
0.049410612,-0.410060824,0.018768488
0.04108272,-0.440065242,0.018813819
0.029796758,-0.421824476,0.018765912
0.040095849,-0.411073928,0.018798855
0.04891632,-0.41019453,0.018795367
0.059934701,-0.428080834,0.018773515
0.056548173,-0.443518291,0.018770868
0.015708359,-0.428520846,0.018773226
0.053479821,-0.444804961,0.018761809
0.032471338,-0.421051658,0.018762819
0.027323048,-0.430284872,0.018762022
0.014146847,-0.414624848,0.018747187
0.045108216,-0.395101303,0.018794333
0.016451532,-0.403379422,0.018787452
0.013640625,-0.387220656,0.018756508
0.026343766,-0.388691223,0.018750962
0.046887192,-0.425655029,0.018825435
0.07464649,-0.41926398,0.018809313
0.078110081,-0.389579006,0.018768533
0.010854952,-0.411865798,0.018811146
0.021436243,-0.387736197,0.018764272
0.046584368,-0.448314815,0.018809105
0.055832805,-0.418876276,0.018759951
0.040275185,-0.445559058,0.018802743
0.068972381,-0.383255844,0.018831658
0.070178345,-0.433286573,0.018815497
0.029619247,-0.388188349,0.018810872
0.039386478,-0.44577822,0.018844433
0.069255087,-0.421945394,0.0187493
0.047117571,-0.375204335,0.018782509
0.0576771,-0.40540435,0.018774065
0.051485265,-0.415800497,0.01877253
0.039145304,-0.378008504,0.018772683
0.033279394,-0.446035076,0.018805054
0.045719585,-0.386523623,0.018787816
0.065305817,-0.438161588,0.018855787
0.048501576,-0.379990644,0.018771075
0.022844061,-0.386770849,0.018803955
0.059283482,-0.385632044,0.018798915
0.075595806,-0.384275302,0.018757732
0.082711389,-0.405670892,0.018797747
0.067262517,-0.409502567,0.018744474
0.050271033,-0.423523801,0.018760864
0.053394913,-0.38450828,0.018766745
0.031615322,-0.405514936,0.018821248
0.021731847,-0.434248589,0.018771492
0.014396552,-0.401571344,0.018766141
0.033516504,-0.440621523,0.018829833
0.043765699,-0.437637015,0.018813906
0.06006091,-0.411070036,0.018767122
0.02694449,-0.426479716,0.018773979
0.015570443,-0.429575336,0.018732625
0.009630138,-0.4024603,0.018758402
0.073999477,-0.386930176,0.018819945
0.049485313,-0.379298013,0.018757682
0.060984616,-0.431359543,0.018827396
0.02897988,-0.422925076,0.01877261
0.024019718,-0.375860345,0.018789954
0.034210705,-0.439540814,0.018812286
0.024320801,-0.380276684,0.018808383
0.016039664,-0.415565287,0.018819012
0.041153939,-0.372813102,0.018738494
0.014654139,-0.397823213,0.018759776
0.036881048,-0.397294616,0.01874696
0.078643884,-0.398551311,0.018736317
0.013927414,-0.393298985,0.018777367
0.057965004,-0.38064872,0.018759906
0.030738606,-0.405297771,0.018788645
0.058106714,-0.382288027,0.018742168
0.064784645,-0.380230163,0.018748581
0.03473609,-0.438116624,0.018858416
0.049596685,-0.399904519,0.018774013
0.053647868,-0.41947948,0.01876854
0.063405381,-0.435887528,0.018748111
0.042165323,-0.393449924,0.018734685
0.014624855,-0.402471469,0.018766572
0.04665529,-0.418754974,0.018778632
0.05503682,-0.391116932,0.018738224
0.021689748,-0.385277683,0.018790747
0.067457245,-0.39357081,0.01877978
0.069078462,-0.399842067,0.018787097
0.041579409,-0.428566676,0.018808033
0.060589344,-0.382916801,0.01875199
0.029813955,-0.393460321,0.018774282
0.023817227,-0.402264474,0.018745544
0.033317519,-0.420541384,0.018779914
0.014681234,-0.39093584,0.018773184
0.064293193,-0.390902366,0.018781659
0.032130723,-0.445943856,0.018793727
0.045519985,-0.420759756,0.018750034
0.017406734,-0.43064803,0.018781574
0.0156687,-0.407927471,0.018740671
0.023004511,-0.381388326,0.018760512
0.07655511,-0.398761894,0.018796559
0.069541472,-0.385738901,0.018766628
0.075437296,-0.388345341,0.018808387
0.028198135,-0.433858687,0.018793382
0.044188336,-0.393755045,0.018784926
0.043704338,-0.403450399,0.018793065
0.028019529,-0.390567815,0.018736093
0.065055407,-0.404078293,0.018798564
0.021204728,-0.435084307,0.01876839
0.066125534,-0.409061488,0.018749345
0.0621276,-0.397495802,0.01877781
0.008632368,-0.395696209,0.018780494
0.06260185,-0.384524002,0.018760708
0.040102329,-0.407688333,0.018798966
0.05768963,-0.42090725,0.018750088
0.065658374,-0.376546047,0.018752526
0.008415102,-0.399862665,0.0188083
0.05075807,-0.438451006,0.018766581
0.010871759,-0.414678194,0.018779142
0.018010817,-0.415128776,0.018790121
0.017869887,-0.397983232,0.018762896
0.037400372,-0.393053551,0.018781065
0.036401062,-0.380225082,0.018739006
0.015373164,-0.393326508,0.018760305
0.023062892,-0.419860755,0.018817094
0.071916669,-0.431004407,0.018780707
0.030097314,-0.410408033,0.018754593
0.027882238,-0.403452409,0.018754104
0.04259019,-0.437029728,0.018787787
0.034321454,-0.398181205,0.018722986
0.052728279,-0.43119775,0.018809698
0.046808324,-0.41753422,0.018759817
0.013697196,-0.410477646,0.018776408
0.021396848,-0.40208303,0.018757239
0.02685062,-0.412780958,0.018788042
0.060947934,-0.429590612,0.018757581
0.017038637,-0.386639059,0.018756543
0.046868944,-0.42884772,0.018805856
0.066492885,-0.419021905,0.01877762
0.041039456,-0.444549416,0.018758897
0.029027406,-0.43027654,0.018780606
0.031252471,-0.382587748,0.018776763
0.080629315,-0.419755023,0.018802302
0.029143721,-0.399616421,0.018807881
0.014890618,-0.429225582,0.018810322
0.058163079,-0.422812862,0.018783203
0.013794754,-0.409890404,0.018765223
0.027489021,-0.402242728,0.018753349
0.028607124,-0.406383679,0.018792396
0.030345058,-0.394635382,0.018783732
0.046519915,-0.419721176,0.018760096
0.067007767,-0.410481416,0.01873236
0.070313689,-0.430720548,0.018758831
0.055243634,-0.443555623,0.018769467
0.061760191,-0.41679108,0.018763711
0.036807244,-0.414306177,0.018765427
0.056244507,-0.440306128,0.018797129
0.070133689,-0.409552925,0.018775308
0.040506145,-0.432086158,0.018810069
0.036492181,-0.442455488,0.018794195
0.043431759,-0.436876306,0.018776549
0.048335009,-0.425444578,0.018761079
0.025160223,-0.437972895,0.01876998
0.049179904,-0.407242281,0.018783125
0.069182543,-0.421002622,0.018768354
0.036964943,-0.38779029,0.018760096
0.083778098,-0.406377545,0.018789695
0.057337517,-0.387020376,0.018774438
0.04182843,-0.39985214,0.018771421
0.027676109,-0.391771559,0.018779776
0.033593845,-0.383139853,0.018772218
0.026839382,-0.380638182,0.01875812
0.012875393,-0.391661065,0.01877157
0.066963106,-0.435494003,0.018851716
0.041147907,-0.415118672,0.018767118
0.019570915,-0.383066797,0.01877262
0.067023871,-0.394341783,0.0187679
0.025554461,-0.397950206,0.018770774
0.084647697,-0.407949011,0.018810042
0.061877881,-0.407891972,0.018745773
0.062334714,-0.38069314,0.018777986
0.011696453,-0.391112493,0.018761416
0.059940153,-0.389807045,0.018773938
0.013421744,-0.398855887,0.018768355
0.023581082,-0.440210894,0.018817647
0.024482157,-0.43941374,0.018757259
0.042469599,-0.438366039,0.018754347
0.055924213,-0.434922902,0.018764217
0.079365298,-0.416648855,0.018758248
0.072838606,-0.385161759,0.018765611
0.024325203,-0.418656488,0.018803034
0.018182554,-0.414853502,0.018748832
0.046975863,-0.390047427,0.018750279
0.068469918,-0.382734925,0.018755288
0.073293951,-0.418044783,0.018776718
0.075049442,-0.41772402,0.018786853
0.082132919,-0.402563739,0.018750643
0.028182049,-0.413877872,0.018763205
0.044665397,-0.413830045,0.018779074
0.015203095,-0.406298423,0.018791116
0.061014136,-0.401479353,0.018768003
0.027091952,-0.426949207,0.018775296
0.024999759,-0.434584089,0.018762165
0.054531117,-0.424408579,0.018759322
0.043452375,-0.376916519,0.018780025
0.046923533,-0.4049051,0.018803035
0.027358075,-0.427851637,0.018785741
0.033611307,-0.418253343,0.018769009
0.048154369,-0.420790784,0.018765382
0.042045504,-0.416184608,0.018743189
0.036118309,-0.382694867,0.018745298
0.079378873,-0.391134046,0.01881743
0.059414596,-0.388244164,0.01879016
0.029896268,-0.374682593,0.018740205
0.027095337,-0.430773913,0.018808498
0.041790445,-0.430811857,0.018793975
0.008949574,-0.400664243,0.018761756
0.075738255,-0.413400193,0.018806842
0.03038077,-0.380758421,0.018778904
0.053559212,-0.431424372,0.018830731
0.034280341,-0.372551312,0.018801144
0.022719976,-0.408956313,0.018795026
0.018112476,-0.412074115,0.018810139
0.060614563,-0.435371974,0.018800976
0.037960936,-0.421737022,0.018776542
0.01703587,-0.387563366,0.018765677
0.065505273,-0.431013488,0.018790127
0.07025107,-0.408748348,0.018755258
0.068530447,-0.407631636,0.018767006
0.052728136,-0.376883497,0.018751743
0.014597773,-0.423854738,0.018792387
0.051368665,-0.432869267,0.018768875
0.036884859,-0.378606689,0.01878222
0.022235795,-0.392620682,0.018779629
0.063551311,-0.374831009,0.018748726
0.083517114,-0.406142475,0.018789111
0.062016751,-0.406572178,0.018775984
0.053956171,-0.426443214,0.018783684
0.083219801,-0.398848661,0.018729373
0.075473034,-0.387861312,0.018764332
0.061846589,-0.399949457,0.01875487
0.026689447,-0.439917498,0.018766424
0.018360719,-0.404801754,0.018781008
0.053458345,-0.370787883,0.01877969
0.048109342,-0.412839402,0.018796165
0.018223464,-0.430815925,0.018761967
0.01933449,-0.413942638,0.018761619
0.016829753,-0.429760706,0.018760123
0.021209816,-0.425207003,0.018787754
0.023469563,-0.377377608,0.018768944
0.052513171,-0.427531289,0.018830493
0.048774202,-0.408202828,0.018756953
0.053396868,-0.443826829,0.018810286
0.011925297,-0.407351733,0.018729799
0.024932482,-0.435127625,0.01879948
0.061930009,-0.440180613,0.01877307
0.033594978,-0.383730636,0.018788124
0.061027859,-0.44345854,0.018788203
0.031180089,-0.37977648,0.018830745
0.02135437,-0.401240571,0.018789808
0.02286969,-0.422613653,0.018749557
0.020520497,-0.392042478,0.0187683
0.062873154,-0.439169376,0.018821884
0.074814013,-0.415960379,0.018777854
0.006425196,-0.415067506,0.018795579
0.04065932,-0.433681753,0.018778312
0.064238608,-0.384865864,0.018777659
0.026717215,-0.426556434,0.018847661
0.055487529,-0.420837657,0.018788344
0.071395076,-0.431712938,0.018780926
0.060359253,-0.391365362,0.018728761
0.044657086,-0.383657996,0.01876042
0.070463649,-0.415459056,0.018806642
0.023781773,-0.394043628,0.018750922
0.042050365,-0.428579737,0.0188117
0.047169639,-0.4419701,0.018798562
0.03397995,-0.42261992,0.018750341
0.050109478,-0.411547663,0.0187449
0.056990562,-0.407301664,0.01878139
0.077160767,-0.401124859,0.018791537
0.014961446,-0.412427814,0.018837594
0.009936738,-0.411502819,0.018772534
0.014501108,-0.405865944,0.01876947
0.052179991,-0.412420259,0.018790303
0.057120844,-0.375912746,0.018767407
0.047842004,-0.445563841,0.018793451
0.061363426,-0.409479066,0.018753406
0.045241804,-0.435655881,0.018759474
0.075777876,-0.419768559,0.018746657
0.013168365,-0.41708884,0.018780427
0.044297008,-0.423128939,0.018791583
0.072486623,-0.391521336,0.018754971
0.023551332,-0.434773239,0.018828239
0.048098631,-0.445992351,0.018782004
0.029916435,-0.430084403,0.01877579
0.064375967,-0.438521972,0.018753813
0.038830522,-0.400441848,0.018777013
0.031750709,-0.393066833,0.018781459
0.018347029,-0.386773399,0.018752799
0.021275303,-0.393557975,0.018791848
0.050399428,-0.41279267,0.018787303
0.069277971,-0.434321955,0.018776055
0.029555252,-0.400788158,0.018735718
0.047871422,-0.425495034,0.018806817
0.062092242,-0.434131064,0.018801416
0.056131515,-0.444553452,0.018754055
0.044505142,-0.431794209,0.018756253
0.053425008,-0.44152146,0.018741438
0.022447567,-0.433736607,0.018773356
0.046441759,-0.41302844,0.018794371
0.036763286,-0.412844597,0.018758858
0.026812002,-0.395076906,0.018777533
0.057179913,-0.415393903,0.018818222
0.024537048,-0.411733534,0.01872213
0.011966621,-0.391760788,0.018744939
0.077169632,-0.391089437,0.018786228
0.056088214,-0.41348346,0.018764629
0.074830744,-0.396961014,0.018742385
0.06852736,-0.391462161,0.018739952
0.037249148,-0.410377399,0.018798926
0.025243892,-0.385251381,0.018764371
0.02712946,-0.432849078,0.018801934
0.039156815,-0.422554488,0.018758149
0.068067995,-0.432539906,0.018791811
0.026763934,-0.435006999,0.01877161
0.039241334,-0.413119252,0.018741046
0.071012792,-0.407672996,0.018788896
0.040285574,-0.44377431,0.018789555
0.008797744,-0.395035841,0.018784103
0.038022118,-0.436380282,0.01884034
0.065050136,-0.422646936,0.018749899
0.039364292,-0.396813985,0.018790001
0.032047644,-0.427738991,0.018783918
0.056983902,-0.403894919,0.018777851
0.068753122,-0.410529758,0.018806287
0.033582134,-0.426191065,0.018781328
0.057300508,-0.378479345,0.018753282
0.028158378,-0.438132745,0.018805154
0.018307339,-0.412780987,0.018730439
0.055878419,-0.399613554,0.018789707
0.082675045,-0.4088581,0.018794599
0.064685815,-0.392892366,0.018734118
0.07892286,-0.389703499,0.018773861
0.046864635,-0.424652972,0.018765526
0.008912614,-0.416221922,0.018751835
0.057928207,-0.408718594,0.018764325
0.049118456,-0.42777065,0.018792374
0.030976044,-0.391094746,0.018781455
0.042975196,-0.395159854,0.018766842
0.007865594,-0.400179093,0.018760235
0.071592625,-0.422712329,0.018801875
0.026709488,-0.419717396,0.018789419
0.030857051,-0.431615439,0.018806299
0.026631157,-0.421645902,0.018758106
0.038136951,-0.375389492,0.018776097
0.055451746,-0.425485698,0.018818024
0.061885053,-0.392875976,0.018750989
0.022834676,-0.391827171,0.018783734
0.046554806,-0.42833753,0.018803492
0.042977233,-0.389543611,0.01874848
0.039369893,-0.382331551,0.01873683
0.018169761,-0.388926602,0.01876813
0.015215201,-0.433502957,0.018822935
0.042511794,-0.416543397,0.018774552
0.01655694,-0.404563899,0.018769657
0.058629679,-0.397327934,0.018767225
0.053291996,-0.437647591,0.018837593
0.063274743,-0.437675802,0.018739447
0.042885712,-0.406521475,0.01877844
0.043911312,-0.436196405,0.018783721
0.014720737,-0.420309848,0.018786061
0.066854387,-0.38820956,0.018790718
0.044604013,-0.387264704,0.018756976
0.079052061,-0.391011483,0.018782819
0.059005015,-0.405907293,0.018786592
0.039647974,-0.445728521,0.018839329
0.024510804,-0.396767908,0.018777822
0.030916003,-0.395431839,0.018763434
0.025716119,-0.437006562,0.018821522
0.059959834,-0.426521432,0.018742892
0.042199742,-0.372365311,0.018777487
0.063859605,-0.38166394,0.018772998
0.083502517,-0.398298576,0.018777859
0.031605494,-0.429434186,0.018820847
0.030463781,-0.429821619,0.01874925
0.022454147,-0.437907515,0.018748494
0.024445201,-0.425845704,0.018745891
0.063787444,-0.40459979,0.018731093
0.06628512,-0.422144054,0.018752574
0.062497825,-0.417582376,0.018785971
0.065781923,-0.431734261,0.0187862
0.0463545,-0.42062932,0.018750005
0.076625308,-0.417148946,0.018784411
0.00835935,-0.394588412,0.018781375
0.07374376,-0.433069458,0.018856321
0.056357396,-0.390815351,0.018774135
0.053389373,-0.428485184,0.018798763
0.064285865,-0.387093463,0.018758596
0.026850997,-0.412082136,0.018806324
0.039730222,-0.390414783,0.018761858
0.023711371,-0.389578221,0.018750918
0.04957142,-0.402694359,0.01880175
0.0589161,-0.398169216,0.018794778
0.02755431,-0.387007775,0.018762424
0.038091921,-0.409468629,0.018770415
0.076859002,-0.416683044,0.018793558
0.026803572,-0.438556057,0.01875565
0.068548465,-0.425910605,0.018761307
0.054969681,-0.400685052,0.018766653
0.050756934,-0.401524847,0.01877155
0.054872225,-0.397953395,0.018773927
0.021413514,-0.425430091,0.018832868
0.034615108,-0.378229882,0.018769515
0.054760172,-0.441039096,0.018820085
0.024746074,-0.432716512,0.018737078
0.038423731,-0.401900108,0.018733363
0.041797383,-0.388820374,0.018806149
0.029151963,-0.414331919,0.018811295
0.029778018,-0.411806188,0.018778545
0.057868845,-0.381912538,0.018764297
0.037098232,-0.444576989,0.018793572
0.070607922,-0.401040792,0.018785665
0.079607844,-0.42808695,0.018772493
0.064613236,-0.382927122,0.018759946
0.08334052,-0.411076976,0.01880132
0.062963697,-0.381480076,0.018782218
0.031511302,-0.431956241,0.018773588
0.030360655,-0.391603178,0.018748879
0.017037063,-0.401398209,0.01878838
0.00697529,-0.402092566,0.018776516
0.04081294,-0.369082731,0.018754001
0.079697357,-0.398483897,0.018815229
0.024695416,-0.414547992,0.018719832
0.016563146,-0.39093322,0.018785412
0.047240359,-0.433978743,0.018800591
0.083974047,-0.400797549,0.018763479
0.020832714,-0.413043901,0.018780783
0.025530369,-0.376396249,0.018721934
0.068111231,-0.406674456,0.018810225
0.07531957,-0.414340251,0.018798824
0.050551539,-0.38714609,0.01876358
0.010769848,-0.403885869,0.018773447
0.034905564,-0.391234347,0.018742715
0.012823068,-0.402087868,0.018758029
0.062537532,-0.37674521,0.018749683
0.052253181,-0.411991098,0.01878867
0.040496299,-0.428573871,0.018822495
0.026809074,-0.414852667,0.018787627
0.027877096,-0.395471786,0.018749217
0.030011072,-0.409329556,0.018801468
0.057141703,-0.438855123,0.01879222
0.02928535,-0.399278447,0.018760293
0.033332316,-0.400702452,0.018756193
0.033330976,-0.419121291,0.018768399
0.008089602,-0.402305017,0.018764895
0.01082834,-0.421221709,0.018821754
0.049822777,-0.417126965,0.018734755
0.027576707,-0.440219621,0.018808571
0.062129564,-0.409615551,0.018747254
0.067887245,-0.380549185,0.018790267
0.028849825,-0.437423888,0.018836489
0.038312474,-0.374106967,0.018795047
0.058260378,-0.376527675,0.018762808
0.034431739,-0.426659563,0.018849715
0.075394617,-0.413289944,0.018781731
0.052235599,-0.423275065,0.01874874
0.019557448,-0.422518212,0.018771883
0.079971551,-0.396538416,0.018828034
0.056433665,-0.401703539,0.018783039
0.077719343,-0.389501083,0.018751672
0.032266352,-0.399818298,0.018777767
0.036564933,-0.393614954,0.01876814
0.033419716,-0.432506091,0.018787485
0.022815711,-0.41960417,0.018743324
0.00721228,-0.398123366,0.018763837
0.048725882,-0.445617496,0.018817076
0.043387488,-0.393082824,0.018795786
0.050836963,-0.446678764,0.018826951
0.069505157,-0.428805057,0.01878363
0.07184061,-0.437084239,0.018769371
0.024106446,-0.415784904,0.018766865
0.010068367,-0.393271785,0.018729792
0.046263479,-0.404010229,0.018773713
0.071577333,-0.401085782,0.018777192
0.053497091,-0.42742022,0.018778457
0.026344388,-0.409365305,0.018755064
0.011165827,-0.39651151,0.018791355
0.076224874,-0.412305376,0.018790424
0.010936765,-0.39690387,0.018810406
0.024746885,-0.438037252,0.018809212
0.042334693,-0.37807271,0.018780516
0.041137493,-0.406847731,0.01878908
0.038971501,-0.389237398,0.018788648
0.017528468,-0.414053601,0.018777881
0.049031821,-0.416281619,0.01875822
0.058621467,-0.402306711,0.018778352
0.041238567,-0.39932934,0.018766468
0.047548115,-0.371866573,0.018748356
0.052072829,-0.407884607,0.018794159
0.049864329,-0.38790594,0.018783808
0.075160694,-0.385214132,0.018725325
0.039552183,-0.394174319,0.018744642
0.041789646,-0.384271822,0.018742797
0.022693793,-0.397345145,0.018778438
0.05546151,-0.405668809,0.018754552
0.034134999,-0.371767329,0.018739396
0.01073467,-0.416282319,0.018779954
0.065413267,-0.409748366,0.01875667
0.019264676,-0.431034652,0.01875168
0.049046439,-0.412470566,0.018799314
0.077845624,-0.420567642,0.018790905
0.027443654,-0.380858849,0.018801232
0.060571936,-0.394001443,0.018789126
0.056229487,-0.444855626,0.0188123
0.073836354,-0.43560066,0.018763005
0.064494136,-0.423662198,0.018760338
0.017375987,-0.38086022,0.018778157
0.060666452,-0.407844422,0.018760085
0.044256284,-0.376541818,0.018806451
0.018222122,-0.421721324,0.018803729
0.018079832,-0.39567464,0.018740016
0.024501094,-0.383778578,0.018768408
0.014321582,-0.421453878,0.01877611
0.070465929,-0.389390593,0.018796109
0.045894918,-0.372019924,0.018772566
0.014326839,-0.383592231,0.018792149
0.06049517,-0.392523863,0.018791949
0.064268754,-0.37992532,0.018754451
0.009449027,-0.420241907,0.018801541
0.063727558,-0.442048971,0.018809883
0.062856263,-0.411296586,0.018764462
0.044361736,-0.394486196,0.018755158
0.023542511,-0.38386656,0.01879278
0.03272906,-0.443200679,0.018815812
0.041673047,-0.413924535,0.018745616
0.040425803,-0.443381922,0.018771952
0.035660955,-0.411031612,0.018779405
0.037199218,-0.379409793,0.018749116
0.030918527,-0.428037507,0.018815018
0.049137912,-0.401591919,0.018734064
0.045270996,-0.380134742,0.018783679
0.023916238,-0.42432553,0.01880461
0.074681023,-0.43066375,0.018773328
0.073575218,-0.42591986,0.01875288
0.058443289,-0.37341043,0.018768319
0.074345621,-0.419800541,0.018814957
0.078271845,-0.429488258,0.018784821
0.049018023,-0.374759821,0.018788757
0.054490426,-0.389051192,0.018778503
0.036420537,-0.371151119,0.018720735
0.041849865,-0.428406133,0.0188227
0.019705793,-0.387356284,0.018754404
0.074727767,-0.393896261,0.018800389
0.065515462,-0.398108542,0.018794266
0.050139087,-0.441212674,0.018799003
0.062512346,-0.417009673,0.018770926
0.063894672,-0.394532281,0.018737786
0.068570928,-0.398645584,0.0187638
0.030212105,-0.427574348,0.018780784
0.045249667,-0.424634335,0.018780003
0.034093774,-0.381296908,0.018742653
0.012201844,-0.406781532,0.018800741
0.068266861,-0.437992699,0.018787967
0.072586893,-0.424931548,0.018783911
0.025536198,-0.43650254,0.01877511
0.071288453,-0.424681938,0.018754366
0.024979439,-0.432477482,0.018753675
0.045713569,-0.373393247,0.018832643
0.026816829,-0.429876882,0.018822574
0.052168535,-0.425048723,0.018789998
0.049832102,-0.375205362,0.018762186
0.050446654,-0.370378308,0.018775013
0.032520677,-0.446001673,0.018791406
0.079642388,-0.399121921,0.018827774
0.071514659,-0.413323695,0.01876987
0.048037905,-0.385818176,0.018758793
0.074773259,-0.392743698,0.01875336
0.028498473,-0.43877533,0.01881794
0.066190579,-0.410561892,0.018766886
0.027522665,-0.419124395,0.018770557
0.015435866,-0.392504887,0.018761873
0.032771736,-0.384257642,0.018809953
0.017977733,-0.421718912,0.018810385
0.014642988,-0.430650715,0.018774226
0.020266449,-0.377922807,0.018739849
0.055800526,-0.445460769,0.018840801
0.054794516,-0.398676079,0.018739872
0.048299254,-0.389678825,0.018765437
0.028716076,-0.374196391,0.018778716
0.072803207,-0.432853325,0.018847302
0.06277777,-0.402660877,0.01879645
0.057384996,-0.386153916,0.018774152
0.071980435,-0.436029261,0.018847094
0.039869128,-0.410181155,0.018772339
0.075292447,-0.411546451,0.018765504
0.078634369,-0.396566796,0.018789096
0.057903138,-0.390395779,0.018800576
0.058930045,-0.438532133,0.018800648
0.059726455,-0.425199398,0.018774746
0.078033802,-0.420975194,0.018750565
0.036983116,-0.396841742,0.018755211
0.046307247,-0.416655128,0.018779027
0.016218857,-0.425780338,0.018749955
0.0745886,-0.418309308,0.018774186
0.036032614,-0.404380541,0.018776787
0.056852689,-0.404042918,0.018777432
0.011015543,-0.422350355,0.018784541
0.024818686,-0.396505288,0.018775568
0.014783543,-0.41353526,0.018789103
0.052907072,-0.435813751,0.018799805
0.044277026,-0.41763139,0.018785987
0.018618566,-0.394143551,0.018755791
0.017794398,-0.415063376,0.018805301
0.067807906,-0.394429534,0.018780103
0.067158084,-0.428267781,0.018786634
0.017319838,-0.386022544,0.01880755
0.01754902,-0.430239486,0.018816554
0.067652174,-0.404937513,0.018777303
0.044008338,-0.419565335,0.018784716
0.031864881,-0.381457431,0.018759761
0.029883136,-0.428926621,0.018788115
0.050169926,-0.407211785,0.01881373
0.061536212,-0.409164085,0.018754494
0.065887777,-0.420594281,0.01882461
0.065947558,-0.402683053,0.018766954
0.052633766,-0.43285573,0.018773472
0.045729106,-0.39824461,0.018766763
0.016252413,-0.383409726,0.018762182
0.070353395,-0.422771597,0.018802617
0.06457566,-0.438262923,0.01877389
0.056168981,-0.424419448,0.018741982
0.042674403,-0.37974789,0.018785453
0.064625101,-0.420627228,0.018792349
0.062375079,-0.383260183,0.018782954
0.028784524,-0.385617733,0.018766491
0.042499053,-0.384485307,0.018786074
0.049679205,-0.414614613,0.018800371
